0 verbose cli /opt/node/bin/node /usr/local/bin/npm
1 info using npm@11.19.0
2 info using node@v24.21.0
3 silly config load:file:/opt/node/lib/node_modules/npm/npmrc
4 silly config load:file:/home/rizky/.npmrc
5 silly config load:file:/opt/node/etc/npmrc
6 verbose title npm install vercel
7 verbose argv "install" "--global" "vercel"
8 verbose logfile logs-max:10 dir:/home/rizky/.npm/_logs/2026-09-22T09_27_45_008Z-
9 verbose logfile /home/rizky/.npm/_logs/2026-09-22T09_27_45_008Z-debug-0.log
10 silly packumentCache heap:1040187392 maxSize:260046848 maxEntrySize:130023424
11 silly logfile done cleaning log files
12 silly idealTree buildDeps
13 silly fetch manifest vercel@*
14 silly packumentCache full:https://registry.npmjs.org/vercel cache-miss
15 http fetch GET 200 https://registry.npmjs.org/npm 516ms
16 http fetch GET 200 https://registry.npmjs.org/vercel 722ms (cache miss)
17 silly packumentCache full:https://registry.npmjs.org/vercel set size:undefined disposed:false
18 silly placeDep ROOT vercel@59.25.0 OK for:  want: *
19 silly fetch manifest zod@4.1.11
20 silly packumentCache full:https://registry.npmjs.org/zod cache-miss
21 http fetch GET 200 https://registry.npmjs.org/zod 226ms (cache revalidated)
22 silly packumentCache full:https://registry.npmjs.org/zod set size:4166672 disposed:false
23 silly fetch manifest jose@5.9.6
24 silly packumentCache full:https://registry.npmjs.org/jose cache-miss
25 http fetch GET 200 https://registry.npmjs.org/jose 205ms (cache revalidated)
26 silly packumentCache full:https://registry.npmjs.org/jose set size:1460156 disposed:false
27 silly fetch manifest uuid@14.0.1
28 silly packumentCache full:https://registry.npmjs.org/uuid cache-miss
29 http fetch GET 200 https://registry.npmjs.org/uuid 74ms (cache revalidated)
30 silly packumentCache full:https://registry.npmjs.org/uuid set size:260936 disposed:false
31 silly fetch manifest luxon@^3.4.0
32 silly packumentCache full:https://registry.npmjs.org/luxon cache-miss
33 http fetch GET 200 https://registry.npmjs.org/luxon 86ms (cache miss)
34 silly packumentCache full:https://registry.npmjs.org/luxon set size:undefined disposed:false
35 silly fetch manifest undici@5.29.0
36 silly packumentCache full:https://registry.npmjs.org/undici cache-miss
37 http fetch GET 200 https://registry.npmjs.org/undici 207ms (cache miss)
38 silly packumentCache full:https://registry.npmjs.org/undici set size:undefined disposed:false
39 silly fetch manifest esbuild@0.27.0
40 silly packumentCache full:https://registry.npmjs.org/esbuild cache-miss
41 http fetch GET 200 https://registry.npmjs.org/esbuild 180ms (cache miss)
42 silly packumentCache full:https://registry.npmjs.org/esbuild set size:undefined disposed:false
43 silly fetch manifest sandbox@4.1.0
44 silly packumentCache full:https://registry.npmjs.org/sandbox cache-miss
45 http fetch GET 200 https://registry.npmjs.org/sandbox 127ms (cache miss)
46 silly packumentCache full:https://registry.npmjs.org/sandbox set size:undefined disposed:false
47 silly fetch manifest chokidar@4.0.0
48 silly packumentCache full:https://registry.npmjs.org/chokidar cache-miss
49 http fetch GET 200 https://registry.npmjs.org/chokidar 100ms (cache miss)
50 silly packumentCache full:https://registry.npmjs.org/chokidar set size:undefined disposed:false
51 silly fetch manifest smol-toml@1.5.2
52 silly packumentCache full:https://registry.npmjs.org/smol-toml cache-miss
53 http fetch GET 200 https://registry.npmjs.org/smol-toml 147ms (cache miss)
54 silly packumentCache full:https://registry.npmjs.org/smol-toml set size:undefined disposed:false
55 silly fetch manifest @vercel/go@11.0.1
56 silly packumentCache full:https://registry.npmjs.org/@vercel%2fgo cache-miss
57 http fetch GET 200 https://registry.npmjs.org/@vercel%2fgo 114ms (cache miss)
58 silly packumentCache full:https://registry.npmjs.org/@vercel%2fgo set size:undefined disposed:false
59 silly fetch manifest @vercel/h3@8.0.1
60 silly packumentCache full:https://registry.npmjs.org/@vercel%2fh3 cache-miss
61 http fetch GET 200 https://registry.npmjs.org/@vercel%2fh3 707ms (cache miss)
62 silly packumentCache full:https://registry.npmjs.org/@vercel%2fh3 set size:undefined disposed:false
63 silly fetch manifest @vercel/fun@1.3.0
64 silly packumentCache full:https://registry.npmjs.org/@vercel%2ffun cache-miss
65 http fetch GET 200 https://registry.npmjs.org/@vercel%2ffun 72ms (cache miss)
66 silly packumentCache full:https://registry.npmjs.org/@vercel%2ffun set size:undefined disposed:false
67 silly fetch manifest @vercel/koa@8.0.1
68 silly packumentCache full:https://registry.npmjs.org/@vercel%2fkoa cache-miss
69 http fetch GET 200 https://registry.npmjs.org/@vercel%2fkoa 111ms (cache miss)
70 silly packumentCache full:https://registry.npmjs.org/@vercel%2fkoa set size:undefined disposed:false
71 silly fetch manifest @vercel/blob@2.8.0
72 silly packumentCache full:https://registry.npmjs.org/@vercel%2fblob cache-miss
73 http fetch GET 200 https://registry.npmjs.org/@vercel%2fblob 140ms (cache miss)
74 silly packumentCache full:https://registry.npmjs.org/@vercel%2fblob set size:undefined disposed:false
75 silly fetch manifest @vercel/hono@8.0.1
76 silly packumentCache full:https://registry.npmjs.org/@vercel%2fhono cache-miss
77 http fetch GET 200 https://registry.npmjs.org/@vercel%2fhono 104ms (cache miss)
78 silly packumentCache full:https://registry.npmjs.org/@vercel%2fhono set size:undefined disposed:false
79 silly fetch manifest @vercel/next@12.0.3
80 silly packumentCache full:https://registry.npmjs.org/@vercel%2fnext cache-miss
81 http fetch GET 200 https://registry.npmjs.org/@vercel%2fnext 588ms (cache miss)
82 silly packumentCache full:https://registry.npmjs.org/@vercel%2fnext set size:undefined disposed:false
83 silly fetch manifest @vercel/node@13.0.1
84 silly packumentCache full:https://registry.npmjs.org/@vercel%2fnode cache-miss
85 http fetch GET 200 https://registry.npmjs.org/@vercel%2fnode 1712ms (cache miss)
86 silly packumentCache full:https://registry.npmjs.org/@vercel%2fnode set size:undefined disposed:false
87 silly fetch manifest @vercel/ruby@10.0.1
88 silly packumentCache full:https://registry.npmjs.org/@vercel%2fruby cache-miss
89 http fetch GET 200 https://registry.npmjs.org/@vercel%2fruby 156ms (cache miss)
90 silly packumentCache full:https://registry.npmjs.org/@vercel%2fruby set size:undefined disposed:false
91 silly fetch manifest @vercel/rust@9.0.1
92 silly packumentCache full:https://registry.npmjs.org/@vercel%2frust cache-miss
93 http fetch GET 200 https://registry.npmjs.org/@vercel%2frust 96ms (cache miss)
94 silly packumentCache full:https://registry.npmjs.org/@vercel%2frust set size:undefined disposed:false
95 silly fetch manifest jsonc-parser@3.3.1
96 silly packumentCache full:https://registry.npmjs.org/jsonc-parser cache-miss
97 http fetch GET 200 https://registry.npmjs.org/jsonc-parser 65ms (cache miss)
98 silly packumentCache full:https://registry.npmjs.org/jsonc-parser set size:undefined disposed:false
99 silly fetch manifest @vercel/elysia@8.0.1
100 silly packumentCache full:https://registry.npmjs.org/@vercel%2felysia cache-miss
101 http fetch GET 200 https://registry.npmjs.org/@vercel%2felysia 116ms (cache miss)
102 silly packumentCache full:https://registry.npmjs.org/@vercel%2felysia set size:undefined disposed:false
103 silly fetch manifest @vercel/nestjs@8.0.1
104 silly packumentCache full:https://registry.npmjs.org/@vercel%2fnestjs cache-miss
105 http fetch GET 200 https://registry.npmjs.org/@vercel%2fnestjs 108ms (cache miss)
106 silly packumentCache full:https://registry.npmjs.org/@vercel%2fnestjs set size:undefined disposed:false
107 silly fetch manifest @vercel/python@14.2.0
108 silly packumentCache full:https://registry.npmjs.org/@vercel%2fpython cache-miss
109 http fetch GET 200 https://registry.npmjs.org/@vercel%2fpython 222ms (cache miss)
110 silly packumentCache full:https://registry.npmjs.org/@vercel%2fpython set size:undefined disposed:false
111 silly fetch manifest @vercel/express@8.0.1
112 silly packumentCache full:https://registry.npmjs.org/@vercel%2fexpress cache-miss
113 http fetch GET 200 https://registry.npmjs.org/@vercel%2fexpress 82ms (cache miss)
114 silly packumentCache full:https://registry.npmjs.org/@vercel%2fexpress set size:undefined disposed:false
115 silly fetch manifest @vercel/fastify@8.0.1
116 silly packumentCache full:https://registry.npmjs.org/@vercel%2ffastify cache-miss
117 http fetch GET 200 https://registry.npmjs.org/@vercel%2ffastify 152ms (cache miss)
118 silly packumentCache full:https://registry.npmjs.org/@vercel%2ffastify set size:undefined disposed:false
119 silly fetch manifest @vercel/redwood@10.0.1
120 silly packumentCache full:https://registry.npmjs.org/@vercel%2fredwood cache-miss
121 http fetch GET 200 https://registry.npmjs.org/@vercel%2fredwood 125ms (cache miss)
122 silly packumentCache full:https://registry.npmjs.org/@vercel%2fredwood set size:undefined disposed:false
123 silly fetch manifest @vercel/backends@8.0.1
124 silly packumentCache full:https://registry.npmjs.org/@vercel%2fbackends cache-miss
125 http fetch GET 200 https://registry.npmjs.org/@vercel%2fbackends 142ms (cache miss)
126 silly packumentCache full:https://registry.npmjs.org/@vercel%2fbackends set size:undefined disposed:false
127 silly fetch manifest @vercel/cli-auth@0.3.9
128 silly packumentCache full:https://registry.npmjs.org/@vercel%2fcli-auth cache-miss
129 http fetch GET 200 https://registry.npmjs.org/@vercel%2fcli-auth 81ms (cache miss)
130 silly packumentCache full:https://registry.npmjs.org/@vercel%2fcli-auth set size:undefined disposed:false
131 silly fetch manifest @vercel/hydrogen@9.0.1
132 silly packumentCache full:https://registry.npmjs.org/@vercel%2fhydrogen cache-miss
133 http fetch GET 200 https://registry.npmjs.org/@vercel%2fhydrogen 103ms (cache miss)
134 silly packumentCache full:https://registry.npmjs.org/@vercel%2fhydrogen set size:undefined disposed:false
135 silly fetch manifest @vercel/container@8.3.0
136 silly packumentCache full:https://registry.npmjs.org/@vercel%2fcontainer cache-miss
137 http fetch GET 200 https://registry.npmjs.org/@vercel%2fcontainer 104ms (cache miss)
138 silly packumentCache full:https://registry.npmjs.org/@vercel%2fcontainer set size:undefined disposed:false
139 silly fetch manifest @vercel/cli-config@0.3.0
140 silly packumentCache full:https://registry.npmjs.org/@vercel%2fcli-config cache-miss
141 http fetch GET 200 https://registry.npmjs.org/@vercel%2fcli-config 548ms (cache miss)
142 silly packumentCache full:https://registry.npmjs.org/@vercel%2fcli-config set size:undefined disposed:false
143 silly fetch manifest @vercel/build-utils@14.10.1
144 silly packumentCache full:https://registry.npmjs.org/@vercel%2fbuild-utils cache-miss
145 http fetch GET 200 https://registry.npmjs.org/@vercel%2fbuild-utils 210ms (cache miss)
146 silly packumentCache full:https://registry.npmjs.org/@vercel%2fbuild-utils set size:undefined disposed:false
147 silly fetch manifest @vercel/detect-agent@1.2.5
148 silly packumentCache full:https://registry.npmjs.org/@vercel%2fdetect-agent cache-miss
149 http fetch GET 200 https://registry.npmjs.org/@vercel%2fdetect-agent 78ms (cache miss)
150 silly packumentCache full:https://registry.npmjs.org/@vercel%2fdetect-agent set size:undefined disposed:false
151 silly fetch manifest @vercel/static-build@10.0.1
152 silly packumentCache full:https://registry.npmjs.org/@vercel%2fstatic-build cache-miss
153 http fetch GET 200 https://registry.npmjs.org/@vercel%2fstatic-build 205ms (cache miss)
154 silly packumentCache full:https://registry.npmjs.org/@vercel%2fstatic-build set size:undefined disposed:false
155 silly fetch manifest @vercel/remix-builder@13.0.1
156 silly packumentCache full:https://registry.npmjs.org/@vercel%2fremix-builder cache-miss
157 http fetch GET 200 https://registry.npmjs.org/@vercel%2fremix-builder 120ms (cache miss)
158 silly packumentCache full:https://registry.npmjs.org/@vercel%2fremix-builder set size:undefined disposed:false
159 silly fetch manifest @vercel/python-analysis@0.14.0
160 silly packumentCache full:https://registry.npmjs.org/@vercel%2fpython-analysis cache-miss
161 http fetch GET 200 https://registry.npmjs.org/@vercel%2fpython-analysis 83ms (cache miss)
162 silly packumentCache full:https://registry.npmjs.org/@vercel%2fpython-analysis set size:undefined disposed:false
163 silly fetch manifest @vercel/prepare-flags-definitions@0.3.0
164 silly packumentCache full:https://registry.npmjs.org/@vercel%2fprepare-flags-definitions cache-miss
165 http fetch GET 200 https://registry.npmjs.org/@vercel%2fprepare-flags-definitions 126ms (cache miss)
166 silly packumentCache full:https://registry.npmjs.org/@vercel%2fprepare-flags-definitions set size:undefined disposed:false
167 silly fetch manifest @vercel/vc-native-linux-x64@59.25.0
168 silly packumentCache full:https://registry.npmjs.org/@vercel%2fvc-native-linux-x64 cache-miss
169 http fetch GET 200 https://registry.npmjs.org/@vercel%2fvc-native-linux-x64 103ms (cache miss)
170 silly packumentCache full:https://registry.npmjs.org/@vercel%2fvc-native-linux-x64 set size:undefined disposed:false
171 silly fetch manifest @vercel/vc-native-win32-x64@59.25.0
172 silly packumentCache full:https://registry.npmjs.org/@vercel%2fvc-native-win32-x64 cache-miss
173 http fetch GET 200 https://registry.npmjs.org/@vercel%2fvc-native-win32-x64 86ms (cache miss)
174 silly packumentCache full:https://registry.npmjs.org/@vercel%2fvc-native-win32-x64 set size:undefined disposed:false
175 silly fetch manifest @vercel/vc-native-darwin-x64@59.25.0
176 silly packumentCache full:https://registry.npmjs.org/@vercel%2fvc-native-darwin-x64 cache-miss
177 http fetch GET 200 https://registry.npmjs.org/@vercel%2fvc-native-darwin-x64 103ms (cache miss)
178 silly packumentCache full:https://registry.npmjs.org/@vercel%2fvc-native-darwin-x64 set size:undefined disposed:false
179 silly fetch manifest @vercel/vc-native-linux-arm64@59.25.0
180 silly packumentCache full:https://registry.npmjs.org/@vercel%2fvc-native-linux-arm64 cache-miss
181 http fetch GET 200 https://registry.npmjs.org/@vercel%2fvc-native-linux-arm64 75ms (cache miss)
182 silly packumentCache full:https://registry.npmjs.org/@vercel%2fvc-native-linux-arm64 set size:undefined disposed:false
183 silly fetch manifest @vercel/vc-native-win32-arm64@59.25.0
184 silly packumentCache full:https://registry.npmjs.org/@vercel%2fvc-native-win32-arm64 cache-miss
185 http fetch GET 200 https://registry.npmjs.org/@vercel%2fvc-native-win32-arm64 69ms (cache miss)
186 silly packumentCache full:https://registry.npmjs.org/@vercel%2fvc-native-win32-arm64 set size:undefined disposed:false
187 silly fetch manifest @vercel/vc-native-darwin-arm64@59.25.0
188 silly packumentCache full:https://registry.npmjs.org/@vercel%2fvc-native-darwin-arm64 cache-miss
189 http fetch GET 200 https://registry.npmjs.org/@vercel%2fvc-native-darwin-arm64 112ms (cache miss)
190 silly packumentCache full:https://registry.npmjs.org/@vercel%2fvc-native-darwin-arm64 set size:undefined disposed:false
191 silly placeDep node_modules/vercel @vercel/backends@8.0.1 OK for: vercel@59.25.0 want: 8.0.1
192 silly placeDep node_modules/vercel @vercel/build-utils@14.10.1 OK for: @vercel/backends@8.0.1 want: 14.10.1
193 silly placeDep node_modules/vercel @vercel/blob@2.8.0 OK for: vercel@59.25.0 want: 2.8.0
194 silly placeDep node_modules/vercel @vercel/cli-auth@0.3.9 OK for: vercel@59.25.0 want: 0.3.9
195 silly placeDep node_modules/vercel @vercel/cli-config@0.3.0 OK for: vercel@59.25.0 want: 0.3.0
196 silly placeDep node_modules/vercel @vercel/container@8.3.0 OK for: vercel@59.25.0 want: 8.3.0
197 silly placeDep node_modules/vercel @vercel/detect-agent@1.2.5 OK for: vercel@59.25.0 want: 1.2.5
198 silly placeDep node_modules/vercel @vercel/elysia@8.0.1 OK for: vercel@59.25.0 want: 8.0.1
199 silly placeDep node_modules/vercel @vercel/express@8.0.1 OK for: vercel@59.25.0 want: 8.0.1
200 silly placeDep node_modules/vercel @vercel/fastify@8.0.1 OK for: vercel@59.25.0 want: 8.0.1
201 silly placeDep node_modules/vercel @vercel/fun@1.3.0 OK for: vercel@59.25.0 want: 1.3.0
202 silly placeDep node_modules/vercel @vercel/go@11.0.1 OK for: vercel@59.25.0 want: 11.0.1
203 silly placeDep node_modules/vercel @vercel/h3@8.0.1 OK for: vercel@59.25.0 want: 8.0.1
204 silly placeDep node_modules/vercel @vercel/hono@8.0.1 OK for: vercel@59.25.0 want: 8.0.1
205 silly placeDep node_modules/vercel @vercel/hydrogen@9.0.1 OK for: vercel@59.25.0 want: 9.0.1
206 silly placeDep node_modules/vercel @vercel/koa@8.0.1 OK for: vercel@59.25.0 want: 8.0.1
207 silly placeDep node_modules/vercel @vercel/nestjs@8.0.1 OK for: vercel@59.25.0 want: 8.0.1
208 silly placeDep node_modules/vercel @vercel/next@12.0.3 OK for: vercel@59.25.0 want: 12.0.3
209 silly placeDep node_modules/vercel @vercel/node@13.0.1 OK for: vercel@59.25.0 want: 13.0.1
210 silly placeDep node_modules/vercel @vercel/prepare-flags-definitions@0.3.0 OK for: vercel@59.25.0 want: 0.3.0
211 silly placeDep node_modules/vercel @vercel/python@14.2.0 OK for: vercel@59.25.0 want: 14.2.0
212 silly placeDep node_modules/vercel @vercel/python-analysis@0.14.0 OK for: vercel@59.25.0 want: 0.14.0
213 silly placeDep node_modules/vercel @vercel/redwood@10.0.1 OK for: vercel@59.25.0 want: 10.0.1
214 silly placeDep node_modules/vercel @vercel/remix-builder@13.0.1 OK for: vercel@59.25.0 want: 13.0.1
215 silly placeDep node_modules/vercel @vercel/ruby@10.0.1 OK for: vercel@59.25.0 want: 10.0.1
216 silly placeDep node_modules/vercel @vercel/rust@9.0.1 OK for: vercel@59.25.0 want: 9.0.1
217 silly placeDep node_modules/vercel @vercel/static-build@10.0.1 OK for: vercel@59.25.0 want: 10.0.1
218 silly placeDep node_modules/vercel @vercel/vc-native-darwin-arm64@59.25.0 OK for: vercel@59.25.0 want: 59.25.0
219 silly placeDep node_modules/vercel @vercel/vc-native-darwin-x64@59.25.0 OK for: vercel@59.25.0 want: 59.25.0
220 silly placeDep node_modules/vercel @vercel/vc-native-linux-arm64@59.25.0 OK for: vercel@59.25.0 want: 59.25.0
221 silly placeDep node_modules/vercel @vercel/vc-native-linux-x64@59.25.0 OK for: vercel@59.25.0 want: 59.25.0
222 silly placeDep node_modules/vercel @vercel/vc-native-win32-arm64@59.25.0 OK for: vercel@59.25.0 want: 59.25.0
223 silly placeDep node_modules/vercel @vercel/vc-native-win32-x64@59.25.0 OK for: vercel@59.25.0 want: 59.25.0
224 silly placeDep node_modules/vercel chokidar@4.0.0 OK for: vercel@59.25.0 want: 4.0.0
225 silly placeDep node_modules/vercel esbuild@0.27.0 OK for: vercel@59.25.0 want: 0.27.0
226 silly placeDep node_modules/vercel jose@5.9.6 OK for: vercel@59.25.0 want: 5.9.6
227 silly placeDep node_modules/vercel jsonc-parser@3.3.1 OK for: vercel@59.25.0 want: 3.3.1
228 silly placeDep node_modules/vercel luxon@3.7.2 OK for: vercel@59.25.0 want: ^3.4.0
229 silly placeDep node_modules/vercel sandbox@4.1.0 OK for: vercel@59.25.0 want: 4.1.0
230 silly placeDep node_modules/vercel smol-toml@1.5.2 OK for: vercel@59.25.0 want: 1.5.2
231 silly placeDep node_modules/vercel undici@5.29.0 OK for: vercel@59.25.0 want: 5.29.0
232 silly placeDep node_modules/vercel uuid@14.0.1 OK for: vercel@59.25.0 want: 14.0.1
233 silly placeDep node_modules/vercel zod@4.1.11 OK for: vercel@59.25.0 want: 4.1.11
234 silly fetch manifest tsx@4.21.0
235 silly packumentCache full:https://registry.npmjs.org/tsx cache-miss
236 http fetch GET 200 https://registry.npmjs.org/tsx 108ms (cache miss)
237 silly packumentCache full:https://registry.npmjs.org/tsx set size:undefined disposed:false
238 silly fetch manifest zod@3.22.4
239 silly packumentCache full:https://registry.npmjs.org/zod cache-miss
240 http cache https://registry.npmjs.org/zod 57ms (cache hit)
241 silly packumentCache full:https://registry.npmjs.org/zod set size:4166672 disposed:false
242 silly fetch manifest srvx@0.11.16
243 silly packumentCache full:https://registry.npmjs.org/srvx cache-miss
244 http fetch GET 200 https://registry.npmjs.org/srvx 970ms (cache miss)
245 silly packumentCache full:https://registry.npmjs.org/srvx set size:undefined disposed:false
246 silly fetch manifest execa@3.2.0
247 silly packumentCache full:https://registry.npmjs.org/execa cache-miss
248 http fetch GET 200 https://registry.npmjs.org/execa 99ms (cache miss)
249 silly packumentCache full:https://registry.npmjs.org/execa set size:undefined disposed:false
250 silly fetch manifest fs-extra@11.1.0
251 silly packumentCache full:https://registry.npmjs.org/fs-extra cache-miss
252 http fetch GET 200 https://registry.npmjs.org/fs-extra 101ms (cache miss)
253 silly packumentCache full:https://registry.npmjs.org/fs-extra set size:undefined disposed:false
254 silly fetch manifest get-port@5.1.1
255 silly packumentCache full:https://registry.npmjs.org/get-port cache-miss
256 http fetch GET 200 https://registry.npmjs.org/get-port 82ms (cache miss)
257 silly packumentCache full:https://registry.npmjs.org/get-port set size:undefined disposed:false
258 silly fetch manifest rolldown@1.0.0-rc.1
259 silly packumentCache full:https://registry.npmjs.org/rolldown cache-miss
260 http fetch GET 200 https://registry.npmjs.org/rolldown 222ms (cache miss)
261 silly packumentCache full:https://registry.npmjs.org/rolldown set size:undefined disposed:false
262 silly fetch manifest ts-morph@12.0.0
263 silly packumentCache full:https://registry.npmjs.org/ts-morph cache-miss
264 http fetch GET 200 https://registry.npmjs.org/ts-morph 128ms (cache miss)
265 silly packumentCache full:https://registry.npmjs.org/ts-morph set size:undefined disposed:false
266 silly fetch manifest @vercel/nft@1.10.0
267 silly packumentCache full:https://registry.npmjs.org/@vercel%2fnft cache-miss
268 http fetch GET 200 https://registry.npmjs.org/@vercel%2fnft 144ms (cache miss)
269 silly packumentCache full:https://registry.npmjs.org/@vercel%2fnft set size:undefined disposed:false
270 silly fetch manifest oxc-transform@0.111.0
271 silly packumentCache full:https://registry.npmjs.org/oxc-transform cache-miss
272 http fetch GET 200 https://registry.npmjs.org/oxc-transform 83ms (cache miss)
273 silly packumentCache full:https://registry.npmjs.org/oxc-transform set size:undefined disposed:false
274 silly fetch manifest path-to-regexp@8.3.0
275 silly packumentCache full:https://registry.npmjs.org/path-to-regexp cache-miss
276 http fetch GET 200 https://registry.npmjs.org/path-to-regexp 74ms (cache miss)
277 silly packumentCache full:https://registry.npmjs.org/path-to-regexp set size:undefined disposed:false
278 silly fetch manifest resolve.exports@2.0.3
279 silly packumentCache full:https://registry.npmjs.org/resolve.exports cache-miss
280 http fetch GET 200 https://registry.npmjs.org/resolve.exports 137ms (cache miss)
281 silly packumentCache full:https://registry.npmjs.org/resolve.exports set size:undefined disposed:false
282 silly fetch manifest @vercel/static-config@3.4.3
283 silly packumentCache full:https://registry.npmjs.org/@vercel%2fstatic-config cache-miss
284 http fetch GET 200 https://registry.npmjs.org/@vercel%2fstatic-config 116ms (cache miss)
285 silly packumentCache full:https://registry.npmjs.org/@vercel%2fstatic-config set size:undefined disposed:false
286 silly fetch manifest es-module-lexer@1.5.0
287 silly packumentCache full:https://registry.npmjs.org/es-module-lexer cache-miss
288 http fetch GET 200 https://registry.npmjs.org/es-module-lexer 96ms (cache miss)
289 silly packumentCache full:https://registry.npmjs.org/es-module-lexer set size:undefined disposed:false
290 silly fetch manifest cjs-module-lexer@1.2.3
291 silly packumentCache full:https://registry.npmjs.org/cjs-module-lexer cache-miss
292 http fetch GET 200 https://registry.npmjs.org/cjs-module-lexer 70ms (cache miss)
293 silly packumentCache full:https://registry.npmjs.org/cjs-module-lexer set size:undefined disposed:false
294 silly fetch manifest undici@^6.23.0
295 silly packumentCache full:https://registry.npmjs.org/undici cache-miss
296 http cache https://registry.npmjs.org/undici 17ms (cache hit)
297 silly packumentCache full:https://registry.npmjs.org/undici set size:1565535 disposed:false
298 silly fetch manifest is-buffer@^2.0.5
299 silly packumentCache full:https://registry.npmjs.org/is-buffer cache-miss
300 http fetch GET 200 https://registry.npmjs.org/is-buffer 110ms (cache miss)
301 silly packumentCache full:https://registry.npmjs.org/is-buffer set size:undefined disposed:false
302 silly fetch manifest throttleit@^2.1.0
303 silly packumentCache full:https://registry.npmjs.org/throttleit cache-miss
304 http fetch GET 200 https://registry.npmjs.org/throttleit 109ms (cache miss)
305 silly packumentCache full:https://registry.npmjs.org/throttleit set size:undefined disposed:false
306 silly fetch manifest async-retry@^1.3.3
307 silly packumentCache full:https://registry.npmjs.org/async-retry cache-miss
308 http fetch GET 200 https://registry.npmjs.org/async-retry 76ms (cache miss)
309 silly packumentCache full:https://registry.npmjs.org/async-retry set size:undefined disposed:false
310 silly fetch manifest @vercel/oidc@^3.6.1
311 silly packumentCache full:https://registry.npmjs.org/@vercel%2foidc cache-miss
312 http fetch GET 200 https://registry.npmjs.org/@vercel%2foidc 89ms (cache miss)
313 silly packumentCache full:https://registry.npmjs.org/@vercel%2foidc set size:undefined disposed:false
314 silly fetch manifest is-node-process@^1.2.0
315 silly packumentCache full:https://registry.npmjs.org/is-node-process cache-miss
316 http fetch GET 200 https://registry.npmjs.org/is-node-process 87ms (cache miss)
317 silly packumentCache full:https://registry.npmjs.org/is-node-process set size:undefined disposed:false
318 silly fetch manifest open@8.4.0
319 silly packumentCache full:https://registry.npmjs.org/open cache-miss
320 http fetch GET 200 https://registry.npmjs.org/open 74ms (cache miss)
321 silly packumentCache full:https://registry.npmjs.org/open set size:undefined disposed:false
322 silly fetch manifest async-listen@3.0.0
323 silly packumentCache full:https://registry.npmjs.org/async-listen cache-miss
324 http fetch GET 200 https://registry.npmjs.org/async-listen 50ms (cache miss)
325 silly packumentCache full:https://registry.npmjs.org/async-listen set size:undefined disposed:false
326 silly fetch manifest @napi-rs/keyring@1.2.0
327 silly packumentCache full:https://registry.npmjs.org/@napi-rs%2fkeyring cache-miss
328 http fetch GET 200 https://registry.npmjs.org/@napi-rs%2fkeyring 69ms (cache miss)
329 silly packumentCache full:https://registry.npmjs.org/@napi-rs%2fkeyring set size:undefined disposed:false
330 silly fetch manifest xdg-app-paths@5
331 silly packumentCache full:https://registry.npmjs.org/xdg-app-paths cache-miss
332 http fetch GET 200 https://registry.npmjs.org/xdg-app-paths 114ms (cache miss)
333 silly packumentCache full:https://registry.npmjs.org/xdg-app-paths set size:undefined disposed:false
334 silly fetch manifest tar@7.5.11
335 silly packumentCache full:https://registry.npmjs.org/tar cache-miss
336 http fetch GET 200 https://registry.npmjs.org/tar 92ms (cache miss)
337 silly packumentCache full:https://registry.npmjs.org/tar set size:undefined disposed:false
338 silly fetch manifest @vercel/cervel@0.1.65
339 silly packumentCache full:https://registry.npmjs.org/@vercel%2fcervel cache-miss
340 http fetch GET 200 https://registry.npmjs.org/@vercel%2fcervel 96ms (cache miss)
341 silly packumentCache full:https://registry.npmjs.org/@vercel%2fcervel set size:undefined disposed:false
342 silly fetch manifest ms@2.1.1
343 silly packumentCache full:https://registry.npmjs.org/ms cache-miss
344 http fetch GET 200 https://registry.npmjs.org/ms 70ms (cache miss)
345 silly packumentCache full:https://registry.npmjs.org/ms set size:undefined disposed:false
346 silly fetch manifest tar@7.5.7
347 silly packumentCache full:https://registry.npmjs.org/tar cache-miss
348 http cache https://registry.npmjs.org/tar 51ms (cache hit)
349 silly packumentCache full:https://registry.npmjs.org/tar set size:591769 disposed:false
350 silly fetch manifest debug@4.3.4
351 silly packumentCache full:https://registry.npmjs.org/debug cache-miss
352 http fetch GET 200 https://registry.npmjs.org/debug 110ms (cache miss)
353 silly packumentCache full:https://registry.npmjs.org/debug set size:undefined disposed:false
354 silly fetch manifest micro@9.3.5-canary.3
355 silly packumentCache full:https://registry.npmjs.org/micro cache-miss
356 http fetch GET 200 https://registry.npmjs.org/micro 119ms (cache miss)
357 silly packumentCache full:https://registry.npmjs.org/micro set size:undefined disposed:false
358 silly fetch manifest semver@7.5.4
359 silly packumentCache full:https://registry.npmjs.org/semver cache-miss
360 http fetch GET 200 https://registry.npmjs.org/semver 126ms (cache miss)
361 silly packumentCache full:https://registry.npmjs.org/semver set size:undefined disposed:false
362 silly fetch manifest tinyexec@0.3.2
363 silly packumentCache full:https://registry.npmjs.org/tinyexec cache-miss
364 http fetch GET 200 https://registry.npmjs.org/tinyexec 56ms (cache miss)
365 silly packumentCache full:https://registry.npmjs.org/tinyexec set size:undefined disposed:false
366 silly fetch manifest stat-mode@0.3.0
367 silly packumentCache full:https://registry.npmjs.org/stat-mode cache-miss
368 http fetch GET 200 https://registry.npmjs.org/stat-mode 90ms (cache miss)
369 silly packumentCache full:https://registry.npmjs.org/stat-mode set size:undefined disposed:false
370 silly fetch manifest tree-kill@1.2.2
371 silly packumentCache full:https://registry.npmjs.org/tree-kill cache-miss
372 http fetch GET 200 https://registry.npmjs.org/tree-kill 82ms (cache miss)
373 silly packumentCache full:https://registry.npmjs.org/tree-kill set size:undefined disposed:false
374 silly fetch manifest node-fetch@2.6.7
375 silly packumentCache full:https://registry.npmjs.org/node-fetch cache-miss
376 http fetch GET 200 https://registry.npmjs.org/node-fetch 104ms (cache miss)
377 silly packumentCache full:https://registry.npmjs.org/node-fetch set size:undefined disposed:false
378 silly fetch manifest promisepipe@3.0.0
379 silly packumentCache full:https://registry.npmjs.org/promisepipe cache-miss
380 http fetch GET 200 https://registry.npmjs.org/promisepipe 70ms (cache miss)
381 silly packumentCache full:https://registry.npmjs.org/promisepipe set size:undefined disposed:false
382 silly fetch manifest uid-promise@1.0.0
383 silly packumentCache full:https://registry.npmjs.org/uid-promise cache-miss
384 http fetch GET 200 https://registry.npmjs.org/uid-promise 59ms (cache miss)
385 silly packumentCache full:https://registry.npmjs.org/uid-promise set size:undefined disposed:false
386 silly fetch manifest async-listen@1.2.0
387 silly packumentCache full:https://registry.npmjs.org/async-listen cache-miss
388 http cache https://registry.npmjs.org/async-listen 58ms (cache hit)
389 silly packumentCache full:https://registry.npmjs.org/async-listen set size:27933 disposed:false
390 silly fetch manifest generic-pool@3.4.2
391 silly packumentCache full:https://registry.npmjs.org/generic-pool cache-miss
392 http fetch GET 200 https://registry.npmjs.org/generic-pool 61ms (cache miss)
393 silly packumentCache full:https://registry.npmjs.org/generic-pool set size:undefined disposed:false
394 silly fetch manifest xdg-app-paths@5.1.0
395 silly packumentCache full:https://registry.npmjs.org/xdg-app-paths cache-miss
396 http cache https://registry.npmjs.org/xdg-app-paths 43ms (cache hit)
397 silly packumentCache full:https://registry.npmjs.org/xdg-app-paths set size:295911 disposed:false
398 silly fetch manifest yauzl-promise@2.1.3
399 silly packumentCache full:https://registry.npmjs.org/yauzl-promise cache-miss
400 http fetch GET 200 https://registry.npmjs.org/yauzl-promise 72ms (cache miss)
401 silly packumentCache full:https://registry.npmjs.org/yauzl-promise set size:undefined disposed:false
402 silly fetch manifest path-to-regexp@8.2.0
403 silly packumentCache full:https://registry.npmjs.org/path-to-regexp cache-miss
404 http cache https://registry.npmjs.org/path-to-regexp 31ms (cache hit)
405 silly packumentCache full:https://registry.npmjs.org/path-to-regexp set size:216334 disposed:false
406 silly fetch manifest @tootallnate/once@2.0.0
407 silly packumentCache full:https://registry.npmjs.org/@tootallnate%2fonce cache-miss
408 http fetch GET 200 https://registry.npmjs.org/@tootallnate%2fonce 85ms (cache miss)
409 silly packumentCache full:https://registry.npmjs.org/@tootallnate%2fonce set size:undefined disposed:false
410 silly fetch manifest stream-to-promise@2.2.0
411 silly packumentCache full:https://registry.npmjs.org/stream-to-promise cache-miss
412 http fetch GET 200 https://registry.npmjs.org/stream-to-promise 77ms (cache miss)
413 silly packumentCache full:https://registry.npmjs.org/stream-to-promise set size:undefined disposed:false
414 silly fetch manifest etag@1.8.1
415 silly packumentCache full:https://registry.npmjs.org/etag cache-miss
416 http fetch GET 200 https://registry.npmjs.org/etag 53ms (cache miss)
417 silly packumentCache full:https://registry.npmjs.org/etag set size:undefined disposed:false
418 silly fetch manifest undici@5.28.4
419 silly packumentCache full:https://registry.npmjs.org/undici cache-miss
420 http cache https://registry.npmjs.org/undici 17ms (cache hit)
421 silly packumentCache full:https://registry.npmjs.org/undici set size:1565535 disposed:false
422 silly fetch manifest mime-types@2.1.35
423 silly packumentCache full:https://registry.npmjs.org/mime-types cache-miss
424 http fetch GET 200 https://registry.npmjs.org/mime-types 75ms (cache miss)
425 silly packumentCache full:https://registry.npmjs.org/mime-types set size:undefined disposed:false
426 silly fetch manifest node-fetch@2.6.9
427 silly packumentCache full:https://registry.npmjs.org/node-fetch cache-miss
428 http cache https://registry.npmjs.org/node-fetch 37ms (cache hit)
429 silly packumentCache full:https://registry.npmjs.org/node-fetch set size:896010 disposed:false
430 silly fetch manifest typescript@npm:typescript@5.9.3
431 silly packumentCache full:https://registry.npmjs.org/typescript cache-miss
432 http fetch GET 200 https://registry.npmjs.org/typescript 703ms (cache updated)
433 silly packumentCache full:https://registry.npmjs.org/typescript set size:undefined disposed:false
434 silly fetch manifest @types/node@20.11.0
435 silly packumentCache full:https://registry.npmjs.org/@types%2fnode cache-miss
436 http fetch GET 200 https://registry.npmjs.org/@types%2fnode 491ms (cache miss)
437 silly packumentCache full:https://registry.npmjs.org/@types%2fnode set size:undefined disposed:false
438 silly fetch manifest edge-runtime@2.5.9
439 silly packumentCache full:https://registry.npmjs.org/edge-runtime cache-miss
440 http fetch GET 200 https://registry.npmjs.org/edge-runtime 131ms (cache miss)
441 silly packumentCache full:https://registry.npmjs.org/edge-runtime set size:undefined disposed:false
442 silly fetch manifest path-to-regexp@6.1.0
443 silly packumentCache full:https://registry.npmjs.org/path-to-regexp cache-hit
444 silly fetch manifest es-module-lexer@1.4.1
445 silly packumentCache full:https://registry.npmjs.org/es-module-lexer cache-miss
446 http cache https://registry.npmjs.org/es-module-lexer 7ms (cache hit)
447 silly packumentCache full:https://registry.npmjs.org/es-module-lexer set size:230033 disposed:false
448 silly fetch manifest @edge-runtime/vm@3.2.0
449 silly packumentCache full:https://registry.npmjs.org/@edge-runtime%2fvm cache-miss
450 http fetch GET 200 https://registry.npmjs.org/@edge-runtime%2fvm 89ms (cache miss)
451 silly packumentCache full:https://registry.npmjs.org/@edge-runtime%2fvm set size:undefined disposed:false
452 silly fetch manifest @vercel/error-utils@2.2.1
453 silly packumentCache full:https://registry.npmjs.org/@vercel%2ferror-utils cache-miss
454 http fetch GET 200 https://registry.npmjs.org/@vercel%2ferror-utils 95ms (cache miss)
455 silly packumentCache full:https://registry.npmjs.org/@vercel%2ferror-utils set size:undefined disposed:false
456 silly fetch manifest path-to-regexp-updated@npm:path-to-regexp@6.3.0
457 silly packumentCache full:https://registry.npmjs.org/path-to-regexp cache-hit
458 silly fetch manifest @edge-runtime/node-utils@2.3.0
459 silly packumentCache full:https://registry.npmjs.org/@edge-runtime%2fnode-utils cache-miss
460 http fetch GET 200 https://registry.npmjs.org/@edge-runtime%2fnode-utils 74ms (cache miss)
461 silly packumentCache full:https://registry.npmjs.org/@edge-runtime%2fnode-utils set size:undefined disposed:false
462 silly fetch manifest @edge-runtime/primitives@4.1.0
463 silly packumentCache full:https://registry.npmjs.org/@edge-runtime%2fprimitives cache-miss
464 http fetch GET 200 https://registry.npmjs.org/@edge-runtime%2fprimitives 124ms (cache miss)
465 silly packumentCache full:https://registry.npmjs.org/@edge-runtime%2fprimitives set size:undefined disposed:false
466 silly fetch manifest js-yaml@4.1.1
467 silly packumentCache full:https://registry.npmjs.org/js-yaml cache-miss
468 http fetch GET 200 https://registry.npmjs.org/js-yaml 126ms (cache miss)
469 silly packumentCache full:https://registry.npmjs.org/js-yaml set size:undefined disposed:false
470 silly fetch manifest fs-extra@11.1.1
471 silly packumentCache full:https://registry.npmjs.org/fs-extra cache-miss
472 http cache https://registry.npmjs.org/fs-extra 8ms (cache hit)
473 silly packumentCache full:https://registry.npmjs.org/fs-extra set size:239581 disposed:false
474 silly fetch manifest minimatch@10.1.1
475 silly packumentCache full:https://registry.npmjs.org/minimatch cache-miss
476 http fetch GET 200 https://registry.npmjs.org/minimatch 103ms (cache miss)
477 silly packumentCache full:https://registry.npmjs.org/minimatch set size:undefined disposed:false
478 silly fetch manifest @renovatebot/pep440@4.2.1
479 silly packumentCache full:https://registry.npmjs.org/@renovatebot%2fpep440 cache-miss
480 http fetch GET 200 https://registry.npmjs.org/@renovatebot%2fpep440 70ms (cache miss)
481 silly packumentCache full:https://registry.npmjs.org/@renovatebot%2fpep440 set size:undefined disposed:false
482 silly fetch manifest @bytecodealliance/preview2-shim@0.17.6
483 silly packumentCache full:https://registry.npmjs.org/@bytecodealliance%2fpreview2-shim cache-miss
484 http fetch GET 200 https://registry.npmjs.org/@bytecodealliance%2fpreview2-shim 106ms (cache miss)
485 silly packumentCache full:https://registry.npmjs.org/@bytecodealliance%2fpreview2-shim set size:undefined disposed:false
486 silly fetch manifest semver@6.3.1
487 silly packumentCache full:https://registry.npmjs.org/semver cache-miss
488 http cache https://registry.npmjs.org/semver 34ms (cache hit)
489 silly packumentCache full:https://registry.npmjs.org/semver set size:246128 disposed:false
490 silly fetch manifest execa@5
491 silly packumentCache full:https://registry.npmjs.org/execa cache-miss
492 http cache https://registry.npmjs.org/execa 16ms (cache hit)
493 silly packumentCache full:https://registry.npmjs.org/execa set size:188760 disposed:false
494 silly fetch manifest @vercel/gatsby-plugin-vercel-builder@2.2.57
495 silly packumentCache full:https://registry.npmjs.org/@vercel%2fgatsby-plugin-vercel-builder cache-miss
496 http fetch GET 200 https://registry.npmjs.org/@vercel%2fgatsby-plugin-vercel-builder 128ms (cache miss)
497 silly packumentCache full:https://registry.npmjs.org/@vercel%2fgatsby-plugin-vercel-builder set size:undefined disposed:false
498 silly fetch manifest @vercel/gatsby-plugin-vercel-analytics@1.0.12
499 silly packumentCache full:https://registry.npmjs.org/@vercel%2fgatsby-plugin-vercel-analytics cache-miss
500 http fetch GET 200 https://registry.npmjs.org/@vercel%2fgatsby-plugin-vercel-analytics 139ms (cache miss)
501 silly packumentCache full:https://registry.npmjs.org/@vercel%2fgatsby-plugin-vercel-analytics set size:undefined disposed:false
502 silly fetch manifest readdirp@^4.0.1
503 silly packumentCache full:https://registry.npmjs.org/readdirp cache-miss
504 http fetch GET 200 https://registry.npmjs.org/readdirp 69ms (cache miss)
505 silly packumentCache full:https://registry.npmjs.org/readdirp set size:undefined disposed:false
506 silly fetch manifest @esbuild/aix-ppc64@0.27.0
507 silly packumentCache full:https://registry.npmjs.org/@esbuild%2faix-ppc64 cache-miss
508 http fetch GET 200 https://registry.npmjs.org/@esbuild%2faix-ppc64 77ms (cache miss)
509 silly packumentCache full:https://registry.npmjs.org/@esbuild%2faix-ppc64 set size:undefined disposed:false
510 silly fetch manifest @esbuild/linux-arm@0.27.0
511 silly packumentCache full:https://registry.npmjs.org/@esbuild%2flinux-arm cache-miss
512 http fetch GET 200 https://registry.npmjs.org/@esbuild%2flinux-arm 126ms (cache miss)
513 silly packumentCache full:https://registry.npmjs.org/@esbuild%2flinux-arm set size:undefined disposed:false
514 silly fetch manifest @esbuild/linux-x64@0.27.0
515 silly packumentCache full:https://registry.npmjs.org/@esbuild%2flinux-x64 cache-miss
516 http fetch GET 200 https://registry.npmjs.org/@esbuild%2flinux-x64 98ms (cache miss)
517 silly packumentCache full:https://registry.npmjs.org/@esbuild%2flinux-x64 set size:undefined disposed:false
518 silly fetch manifest @esbuild/sunos-x64@0.27.0
519 silly packumentCache full:https://registry.npmjs.org/@esbuild%2fsunos-x64 cache-miss
520 http fetch GET 200 https://registry.npmjs.org/@esbuild%2fsunos-x64 73ms (cache miss)
521 silly packumentCache full:https://registry.npmjs.org/@esbuild%2fsunos-x64 set size:undefined disposed:false
522 silly fetch manifest @esbuild/win32-x64@0.27.0
523 silly packumentCache full:https://registry.npmjs.org/@esbuild%2fwin32-x64 cache-miss
524 http fetch GET 200 https://registry.npmjs.org/@esbuild%2fwin32-x64 133ms (cache miss)
525 silly packumentCache full:https://registry.npmjs.org/@esbuild%2fwin32-x64 set size:undefined disposed:false
526 silly fetch manifest @esbuild/darwin-x64@0.27.0
527 silly packumentCache full:https://registry.npmjs.org/@esbuild%2fdarwin-x64 cache-miss
528 http fetch GET 200 https://registry.npmjs.org/@esbuild%2fdarwin-x64 101ms (cache miss)
529 silly packumentCache full:https://registry.npmjs.org/@esbuild%2fdarwin-x64 set size:undefined disposed:false
530 silly fetch manifest @esbuild/linux-ia32@0.27.0
531 silly packumentCache full:https://registry.npmjs.org/@esbuild%2flinux-ia32 cache-miss
532 http fetch GET 200 https://registry.npmjs.org/@esbuild%2flinux-ia32 114ms (cache miss)
533 silly packumentCache full:https://registry.npmjs.org/@esbuild%2flinux-ia32 set size:undefined disposed:false
534 silly fetch manifest @esbuild/netbsd-x64@0.27.0
535 silly packumentCache full:https://registry.npmjs.org/@esbuild%2fnetbsd-x64 cache-miss
536 http fetch GET 200 https://registry.npmjs.org/@esbuild%2fnetbsd-x64 75ms (cache miss)
537 silly packumentCache full:https://registry.npmjs.org/@esbuild%2fnetbsd-x64 set size:undefined disposed:false
538 silly fetch manifest @esbuild/win32-ia32@0.27.0
539 silly packumentCache full:https://registry.npmjs.org/@esbuild%2fwin32-ia32 cache-miss
540 http fetch GET 200 https://registry.npmjs.org/@esbuild%2fwin32-ia32 112ms (cache miss)
541 silly packumentCache full:https://registry.npmjs.org/@esbuild%2fwin32-ia32 set size:undefined disposed:false
542 silly fetch manifest @esbuild/android-arm@0.27.0
543 silly packumentCache full:https://registry.npmjs.org/@esbuild%2fandroid-arm cache-miss
544 http fetch GET 200 https://registry.npmjs.org/@esbuild%2fandroid-arm 104ms (cache miss)
545 silly packumentCache full:https://registry.npmjs.org/@esbuild%2fandroid-arm set size:undefined disposed:false
546 silly fetch manifest @esbuild/android-x64@0.27.0
547 silly packumentCache full:https://registry.npmjs.org/@esbuild%2fandroid-x64 cache-miss
548 http fetch GET 200 https://registry.npmjs.org/@esbuild%2fandroid-x64 90ms (cache miss)
549 silly packumentCache full:https://registry.npmjs.org/@esbuild%2fandroid-x64 set size:undefined disposed:false
550 silly fetch manifest @esbuild/freebsd-x64@0.27.0
551 silly packumentCache full:https://registry.npmjs.org/@esbuild%2ffreebsd-x64 cache-miss
552 http fetch GET 200 https://registry.npmjs.org/@esbuild%2ffreebsd-x64 99ms (cache miss)
553 silly packumentCache full:https://registry.npmjs.org/@esbuild%2ffreebsd-x64 set size:undefined disposed:false
554 silly fetch manifest @esbuild/linux-arm64@0.27.0
555 silly packumentCache full:https://registry.npmjs.org/@esbuild%2flinux-arm64 cache-miss
556 http fetch GET 200 https://registry.npmjs.org/@esbuild%2flinux-arm64 83ms (cache miss)
557 silly packumentCache full:https://registry.npmjs.org/@esbuild%2flinux-arm64 set size:undefined disposed:false
558 silly fetch manifest @esbuild/linux-ppc64@0.27.0
559 silly packumentCache full:https://registry.npmjs.org/@esbuild%2flinux-ppc64 cache-miss
560 http fetch GET 200 https://registry.npmjs.org/@esbuild%2flinux-ppc64 102ms (cache miss)
561 silly packumentCache full:https://registry.npmjs.org/@esbuild%2flinux-ppc64 set size:undefined disposed:false
562 silly fetch manifest @esbuild/linux-s390x@0.27.0
563 silly packumentCache full:https://registry.npmjs.org/@esbuild%2flinux-s390x cache-miss
564 http fetch GET 200 https://registry.npmjs.org/@esbuild%2flinux-s390x 114ms (cache miss)
565 silly packumentCache full:https://registry.npmjs.org/@esbuild%2flinux-s390x set size:undefined disposed:false
566 silly fetch manifest @esbuild/openbsd-x64@0.27.0
567 silly packumentCache full:https://registry.npmjs.org/@esbuild%2fopenbsd-x64 cache-miss
568 http fetch GET 200 https://registry.npmjs.org/@esbuild%2fopenbsd-x64 71ms (cache miss)
569 silly packumentCache full:https://registry.npmjs.org/@esbuild%2fopenbsd-x64 set size:undefined disposed:false
570 silly fetch manifest @esbuild/win32-arm64@0.27.0
571 silly packumentCache full:https://registry.npmjs.org/@esbuild%2fwin32-arm64 cache-miss
572 http fetch GET 200 https://registry.npmjs.org/@esbuild%2fwin32-arm64 109ms (cache miss)
573 silly packumentCache full:https://registry.npmjs.org/@esbuild%2fwin32-arm64 set size:undefined disposed:false
574 silly fetch manifest @esbuild/darwin-arm64@0.27.0
575 silly packumentCache full:https://registry.npmjs.org/@esbuild%2fdarwin-arm64 cache-miss
576 http fetch GET 200 https://registry.npmjs.org/@esbuild%2fdarwin-arm64 79ms (cache miss)
577 silly packumentCache full:https://registry.npmjs.org/@esbuild%2fdarwin-arm64 set size:undefined disposed:false
578 silly fetch manifest @esbuild/netbsd-arm64@0.27.0
579 silly packumentCache full:https://registry.npmjs.org/@esbuild%2fnetbsd-arm64 cache-miss
580 http fetch GET 200 https://registry.npmjs.org/@esbuild%2fnetbsd-arm64 198ms (cache miss)
581 silly packumentCache full:https://registry.npmjs.org/@esbuild%2fnetbsd-arm64 set size:undefined disposed:false
582 silly fetch manifest @esbuild/android-arm64@0.27.0
583 silly packumentCache full:https://registry.npmjs.org/@esbuild%2fandroid-arm64 cache-miss
584 http fetch GET 200 https://registry.npmjs.org/@esbuild%2fandroid-arm64 97ms (cache miss)
585 silly packumentCache full:https://registry.npmjs.org/@esbuild%2fandroid-arm64 set size:undefined disposed:false
586 silly fetch manifest @esbuild/freebsd-arm64@0.27.0
587 silly packumentCache full:https://registry.npmjs.org/@esbuild%2ffreebsd-arm64 cache-miss
588 http fetch GET 200 https://registry.npmjs.org/@esbuild%2ffreebsd-arm64 84ms (cache miss)
589 silly packumentCache full:https://registry.npmjs.org/@esbuild%2ffreebsd-arm64 set size:undefined disposed:false
590 silly fetch manifest @esbuild/linux-loong64@0.27.0
591 silly packumentCache full:https://registry.npmjs.org/@esbuild%2flinux-loong64 cache-miss
592 http fetch GET 200 https://registry.npmjs.org/@esbuild%2flinux-loong64 129ms (cache miss)
593 silly packumentCache full:https://registry.npmjs.org/@esbuild%2flinux-loong64 set size:undefined disposed:false
594 silly fetch manifest @esbuild/linux-riscv64@0.27.0
595 silly packumentCache full:https://registry.npmjs.org/@esbuild%2flinux-riscv64 cache-miss
596 http fetch GET 200 https://registry.npmjs.org/@esbuild%2flinux-riscv64 125ms (cache miss)
597 silly packumentCache full:https://registry.npmjs.org/@esbuild%2flinux-riscv64 set size:undefined disposed:false
598 silly fetch manifest @esbuild/openbsd-arm64@0.27.0
599 silly packumentCache full:https://registry.npmjs.org/@esbuild%2fopenbsd-arm64 cache-miss
600 http fetch GET 200 https://registry.npmjs.org/@esbuild%2fopenbsd-arm64 85ms (cache miss)
601 silly packumentCache full:https://registry.npmjs.org/@esbuild%2fopenbsd-arm64 set size:undefined disposed:false
602 silly fetch manifest @esbuild/linux-mips64el@0.27.0
603 silly packumentCache full:https://registry.npmjs.org/@esbuild%2flinux-mips64el cache-miss
604 http fetch GET 200 https://registry.npmjs.org/@esbuild%2flinux-mips64el 112ms (cache miss)
605 silly packumentCache full:https://registry.npmjs.org/@esbuild%2flinux-mips64el set size:undefined disposed:false
606 silly fetch manifest @esbuild/openharmony-arm64@0.27.0
607 silly packumentCache full:https://registry.npmjs.org/@esbuild%2fopenharmony-arm64 cache-miss
608 http fetch GET 200 https://registry.npmjs.org/@esbuild%2fopenharmony-arm64 69ms (cache miss)
609 silly packumentCache full:https://registry.npmjs.org/@esbuild%2fopenharmony-arm64 set size:undefined disposed:false
610 silly fetch manifest ws@^8.21.0
611 silly packumentCache full:https://registry.npmjs.org/ws cache-miss
612 http fetch GET 200 https://registry.npmjs.org/ws 133ms (cache revalidated)
613 silly packumentCache full:https://registry.npmjs.org/ws set size:447661 disposed:false
614 silly fetch manifest zod@^4.1.1
615 silly packumentCache full:https://registry.npmjs.org/zod cache-miss
616 http cache https://registry.npmjs.org/zod 55ms (cache hit)
617 silly packumentCache full:https://registry.npmjs.org/zod set size:4166672 disposed:false
618 silly fetch manifest debug@^4.4.1
619 silly packumentCache full:https://registry.npmjs.org/debug cache-miss
620 http cache https://registry.npmjs.org/debug 104ms (cache hit)
621 silly packumentCache full:https://registry.npmjs.org/debug set size:195840 disposed:false
622 silly fetch manifest async-retry@1.3.3
623 silly packumentCache full:https://registry.npmjs.org/async-retry cache-miss
624 http cache https://registry.npmjs.org/async-retry 13ms (cache hit)
625 silly packumentCache full:https://registry.npmjs.org/async-retry set size:51916 disposed:false
626 silly fetch manifest @vercel/sandbox@3.1.0
627 silly packumentCache full:https://registry.npmjs.org/@vercel%2fsandbox cache-miss
628 http fetch GET 200 https://registry.npmjs.org/@vercel%2fsandbox 118ms (cache miss)
629 silly packumentCache full:https://registry.npmjs.org/@vercel%2fsandbox set size:undefined disposed:false
630 silly fetch manifest @fastify/busboy@^2.0.0
631 silly packumentCache full:https://registry.npmjs.org/@fastify%2fbusboy cache-miss
632 http fetch GET 200 https://registry.npmjs.org/@fastify%2fbusboy 88ms (cache miss)
633 silly packumentCache full:https://registry.npmjs.org/@fastify%2fbusboy set size:undefined disposed:false
634 silly placeDep node_modules/vercel @vercel/nft@1.10.0 OK for: @vercel/backends@8.0.1 want: 1.10.0
635 silly placeDep node_modules/vercel @vercel/static-config@3.4.3 OK for: @vercel/backends@8.0.1 want: 3.4.3
636 silly placeDep node_modules/vercel execa@3.2.0 OK for: @vercel/backends@8.0.1 want: 3.2.0
637 silly placeDep node_modules/vercel fs-extra@11.1.0 OK for: @vercel/backends@8.0.1 want: 11.1.0
638 silly placeDep node_modules/vercel get-port@5.1.1 OK for: @vercel/backends@8.0.1 want: 5.1.1
639 silly placeDep node_modules/vercel oxc-transform@0.111.0 OK for: @vercel/backends@8.0.1 want: 0.111.0
640 silly placeDep node_modules/vercel path-to-regexp@8.3.0 OK for: @vercel/backends@8.0.1 want: 8.3.0
641 silly placeDep node_modules/vercel resolve.exports@2.0.3 OK for: @vercel/backends@8.0.1 want: 2.0.3
642 silly placeDep node_modules/vercel rolldown@1.0.0-rc.1 OK for: @vercel/backends@8.0.1 want: 1.0.0-rc.1
643 silly placeDep node_modules/vercel srvx@0.11.16 OK for: @vercel/backends@8.0.1 want: 0.11.16
644 silly placeDep node_modules/vercel ts-morph@12.0.0 OK for: @vercel/backends@8.0.1 want: 12.0.0
645 silly placeDep node_modules/vercel tsx@4.21.0 OK for: @vercel/backends@8.0.1 want: 4.21.0
646 silly placeDep node_modules/vercel/node_modules/@vercel/backends zod@3.22.4 OK for: @vercel/backends@8.0.1 want: 3.22.4
647 silly fetch manifest glob@^13.0.0
648 silly packumentCache full:https://registry.npmjs.org/glob cache-miss
649 http fetch GET 200 https://registry.npmjs.org/glob 81ms (cache miss)
650 silly packumentCache full:https://registry.npmjs.org/glob set size:undefined disposed:false
651 silly fetch manifest acorn@^8.6.0
652 silly packumentCache full:https://registry.npmjs.org/acorn cache-miss
653 http fetch GET 200 https://registry.npmjs.org/acorn 111ms (cache miss)
654 silly packumentCache full:https://registry.npmjs.org/acorn set size:undefined disposed:false
655 silly fetch manifest bindings@^1.4.0
656 silly packumentCache full:https://registry.npmjs.org/bindings cache-miss
657 http fetch GET 200 https://registry.npmjs.org/bindings 46ms (cache miss)
658 silly packumentCache full:https://registry.npmjs.org/bindings set size:undefined disposed:false
659 silly fetch manifest picomatch@^4.0.2
660 silly packumentCache full:https://registry.npmjs.org/picomatch cache-miss
661 http fetch GET 200 https://registry.npmjs.org/picomatch 131ms (cache miss)
662 silly packumentCache full:https://registry.npmjs.org/picomatch set size:undefined disposed:false
663 silly fetch manifest async-sema@^3.1.1
664 silly packumentCache full:https://registry.npmjs.org/async-sema cache-miss
665 http fetch GET 200 https://registry.npmjs.org/async-sema 59ms (cache miss)
666 silly packumentCache full:https://registry.npmjs.org/async-sema set size:undefined disposed:false
667 silly fetch manifest graceful-fs@^4.2.9
668 silly packumentCache full:https://registry.npmjs.org/graceful-fs cache-miss
669 http fetch GET 200 https://registry.npmjs.org/graceful-fs 143ms (cache revalidated)
670 silly packumentCache full:https://registry.npmjs.org/graceful-fs set size:124285 disposed:false
671 silly fetch manifest resolve-from@^5.0.0
672 silly packumentCache full:https://registry.npmjs.org/resolve-from cache-miss
673 http fetch GET 200 https://registry.npmjs.org/resolve-from 101ms (cache miss)
674 silly packumentCache full:https://registry.npmjs.org/resolve-from set size:undefined disposed:false
675 silly fetch manifest estree-walker@2.0.2
676 silly packumentCache full:https://registry.npmjs.org/estree-walker cache-miss
677 http fetch GET 200 https://registry.npmjs.org/estree-walker 72ms (cache miss)
678 silly packumentCache full:https://registry.npmjs.org/estree-walker set size:undefined disposed:false
679 silly fetch manifest node-gyp-build@^4.2.2
680 silly packumentCache full:https://registry.npmjs.org/node-gyp-build cache-miss
681 http fetch GET 200 https://registry.npmjs.org/node-gyp-build 94ms (cache miss)
682 silly packumentCache full:https://registry.npmjs.org/node-gyp-build set size:undefined disposed:false
683 silly fetch manifest @rollup/pluginutils@^5.1.3
684 silly packumentCache full:https://registry.npmjs.org/@rollup%2fpluginutils cache-miss
685 http fetch GET 200 https://registry.npmjs.org/@rollup%2fpluginutils 85ms (cache miss)
686 silly packumentCache full:https://registry.npmjs.org/@rollup%2fpluginutils set size:undefined disposed:false
687 silly fetch manifest @mapbox/node-pre-gyp@^2.0.0
688 silly packumentCache full:https://registry.npmjs.org/@mapbox%2fnode-pre-gyp cache-miss
689 http fetch GET 200 https://registry.npmjs.org/@mapbox%2fnode-pre-gyp 101ms (cache miss)
690 silly packumentCache full:https://registry.npmjs.org/@mapbox%2fnode-pre-gyp set size:undefined disposed:false
691 silly fetch manifest acorn-import-attributes@^1.9.5
692 silly packumentCache full:https://registry.npmjs.org/acorn-import-attributes cache-miss
693 http fetch GET 200 https://registry.npmjs.org/acorn-import-attributes 75ms (cache miss)
694 silly packumentCache full:https://registry.npmjs.org/acorn-import-attributes set size:undefined disposed:false
695 silly fetch manifest ajv@8.6.3
696 silly packumentCache full:https://registry.npmjs.org/ajv cache-miss
697 http fetch GET 200 https://registry.npmjs.org/ajv 130ms (cache miss)
698 silly packumentCache full:https://registry.npmjs.org/ajv set size:undefined disposed:false
699 silly fetch manifest oxc-parser@0.121.0
700 silly packumentCache full:https://registry.npmjs.org/oxc-parser cache-miss
701 http fetch GET 200 https://registry.npmjs.org/oxc-parser 103ms (cache miss)
702 silly packumentCache full:https://registry.npmjs.org/oxc-parser set size:undefined disposed:false
703 silly fetch manifest json-schema-to-ts@1.6.4
704 silly packumentCache full:https://registry.npmjs.org/json-schema-to-ts cache-miss
705 http fetch GET 200 https://registry.npmjs.org/json-schema-to-ts 97ms (cache miss)
706 silly packumentCache full:https://registry.npmjs.org/json-schema-to-ts set size:undefined disposed:false
707 silly fetch manifest onetime@^5.1.0
708 silly packumentCache full:https://registry.npmjs.org/onetime cache-miss
709 http fetch GET 200 https://registry.npmjs.org/onetime 100ms (cache miss)
710 silly packumentCache full:https://registry.npmjs.org/onetime set size:undefined disposed:false
711 silly fetch manifest is-stream@^2.0.0
712 silly packumentCache full:https://registry.npmjs.org/is-stream cache-miss
713 http fetch GET 200 https://registry.npmjs.org/is-stream 59ms (cache miss)
714 silly packumentCache full:https://registry.npmjs.org/is-stream set size:undefined disposed:false
715 silly fetch manifest p-finally@^2.0.0
716 silly packumentCache full:https://registry.npmjs.org/p-finally cache-miss
717 http fetch GET 200 https://registry.npmjs.org/p-finally 70ms (cache miss)
718 silly packumentCache full:https://registry.npmjs.org/p-finally set size:undefined disposed:false
719 silly fetch manifest get-stream@^5.0.0
720 silly packumentCache full:https://registry.npmjs.org/get-stream cache-miss
721 http fetch GET 200 https://registry.npmjs.org/get-stream 87ms (cache miss)
722 silly packumentCache full:https://registry.npmjs.org/get-stream set size:undefined disposed:false
723 silly fetch manifest cross-spawn@^7.0.0
724 silly packumentCache full:https://registry.npmjs.org/cross-spawn cache-miss
725 http fetch GET 200 https://registry.npmjs.org/cross-spawn 70ms (cache revalidated)
726 silly packumentCache full:https://registry.npmjs.org/cross-spawn set size:109066 disposed:false
727 silly fetch manifest signal-exit@^3.0.2
728 silly packumentCache full:https://registry.npmjs.org/signal-exit cache-miss
729 http fetch GET 200 https://registry.npmjs.org/signal-exit 61ms (cache revalidated)
730 silly packumentCache full:https://registry.npmjs.org/signal-exit set size:53489 disposed:false
731 silly fetch manifest merge-stream@^2.0.0
732 silly packumentCache full:https://registry.npmjs.org/merge-stream cache-miss
733 http fetch GET 200 https://registry.npmjs.org/merge-stream 86ms (cache miss)
734 silly packumentCache full:https://registry.npmjs.org/merge-stream set size:undefined disposed:false
735 silly fetch manifest npm-run-path@^4.0.0
736 silly packumentCache full:https://registry.npmjs.org/npm-run-path cache-miss
737 http fetch GET 200 https://registry.npmjs.org/npm-run-path 58ms (cache miss)
738 silly packumentCache full:https://registry.npmjs.org/npm-run-path set size:undefined disposed:false
739 silly fetch manifest human-signals@^1.1.1
740 silly packumentCache full:https://registry.npmjs.org/human-signals cache-miss
741 http fetch GET 200 https://registry.npmjs.org/human-signals 89ms (cache miss)
742 silly packumentCache full:https://registry.npmjs.org/human-signals set size:undefined disposed:false
743 silly fetch manifest strip-final-newline@^2.0.0
744 silly packumentCache full:https://registry.npmjs.org/strip-final-newline cache-miss
745 http fetch GET 200 https://registry.npmjs.org/strip-final-newline 56ms (cache miss)
746 silly packumentCache full:https://registry.npmjs.org/strip-final-newline set size:undefined disposed:false
747 silly fetch manifest jsonfile@^6.0.1
748 silly packumentCache full:https://registry.npmjs.org/jsonfile cache-miss
749 http fetch GET 200 https://registry.npmjs.org/jsonfile 101ms (cache miss)
750 silly packumentCache full:https://registry.npmjs.org/jsonfile set size:undefined disposed:false
751 silly fetch manifest graceful-fs@^4.2.0
752 silly packumentCache full:https://registry.npmjs.org/graceful-fs cache-hit
753 silly fetch manifest universalify@^2.0.0
754 silly packumentCache full:https://registry.npmjs.org/universalify cache-miss
755 http fetch GET 200 https://registry.npmjs.org/universalify 50ms (cache miss)
756 silly packumentCache full:https://registry.npmjs.org/universalify set size:undefined disposed:false
757 silly fetch manifest @oxc-transform/binding-darwin-x64@0.111.0
758 silly packumentCache full:https://registry.npmjs.org/@oxc-transform%2fbinding-darwin-x64 cache-miss
759 http fetch GET 200 https://registry.npmjs.org/@oxc-transform%2fbinding-darwin-x64 86ms (cache miss)
760 silly packumentCache full:https://registry.npmjs.org/@oxc-transform%2fbinding-darwin-x64 set size:undefined disposed:false
761 silly fetch manifest @oxc-transform/binding-freebsd-x64@0.111.0
762 silly packumentCache full:https://registry.npmjs.org/@oxc-transform%2fbinding-freebsd-x64 cache-miss
763 http fetch GET 200 https://registry.npmjs.org/@oxc-transform%2fbinding-freebsd-x64 64ms (cache miss)
764 silly packumentCache full:https://registry.npmjs.org/@oxc-transform%2fbinding-freebsd-x64 set size:undefined disposed:false
765 silly fetch manifest @oxc-transform/binding-wasm32-wasi@0.111.0
766 silly packumentCache full:https://registry.npmjs.org/@oxc-transform%2fbinding-wasm32-wasi cache-miss
767 http fetch GET 200 https://registry.npmjs.org/@oxc-transform%2fbinding-wasm32-wasi 127ms (cache miss)
768 silly packumentCache full:https://registry.npmjs.org/@oxc-transform%2fbinding-wasm32-wasi set size:undefined disposed:false
769 silly fetch manifest @oxc-transform/binding-darwin-arm64@0.111.0
770 silly packumentCache full:https://registry.npmjs.org/@oxc-transform%2fbinding-darwin-arm64 cache-miss
771 http fetch GET 200 https://registry.npmjs.org/@oxc-transform%2fbinding-darwin-arm64 116ms (cache miss)
772 silly packumentCache full:https://registry.npmjs.org/@oxc-transform%2fbinding-darwin-arm64 set size:undefined disposed:false
773 silly fetch manifest @oxc-transform/binding-android-arm64@0.111.0
774 silly packumentCache full:https://registry.npmjs.org/@oxc-transform%2fbinding-android-arm64 cache-miss
775 http fetch GET 200 https://registry.npmjs.org/@oxc-transform%2fbinding-android-arm64 92ms (cache miss)
776 silly packumentCache full:https://registry.npmjs.org/@oxc-transform%2fbinding-android-arm64 set size:undefined disposed:false
777 silly fetch manifest @oxc-transform/binding-linux-x64-gnu@0.111.0
778 silly packumentCache full:https://registry.npmjs.org/@oxc-transform%2fbinding-linux-x64-gnu cache-miss
779 http fetch GET 200 https://registry.npmjs.org/@oxc-transform%2fbinding-linux-x64-gnu 268ms (cache miss)
780 silly packumentCache full:https://registry.npmjs.org/@oxc-transform%2fbinding-linux-x64-gnu set size:undefined disposed:false
781 silly fetch manifest @oxc-transform/binding-linux-x64-musl@0.111.0
782 silly packumentCache full:https://registry.npmjs.org/@oxc-transform%2fbinding-linux-x64-musl cache-miss
783 http fetch GET 200 https://registry.npmjs.org/@oxc-transform%2fbinding-linux-x64-musl 201ms (cache miss)
784 silly packumentCache full:https://registry.npmjs.org/@oxc-transform%2fbinding-linux-x64-musl set size:undefined disposed:false
785 silly fetch manifest @oxc-transform/binding-win32-x64-msvc@0.111.0
786 silly packumentCache full:https://registry.npmjs.org/@oxc-transform%2fbinding-win32-x64-msvc cache-miss
787 http fetch GET 200 https://registry.npmjs.org/@oxc-transform%2fbinding-win32-x64-msvc 114ms (cache miss)
788 silly packumentCache full:https://registry.npmjs.org/@oxc-transform%2fbinding-win32-x64-msvc set size:undefined disposed:false
789 silly fetch manifest @oxc-transform/binding-linux-arm64-gnu@0.111.0
790 silly packumentCache full:https://registry.npmjs.org/@oxc-transform%2fbinding-linux-arm64-gnu cache-miss
791 http fetch GET 200 https://registry.npmjs.org/@oxc-transform%2fbinding-linux-arm64-gnu 100ms (cache miss)
792 silly packumentCache full:https://registry.npmjs.org/@oxc-transform%2fbinding-linux-arm64-gnu set size:undefined disposed:false
793 silly fetch manifest @oxc-transform/binding-linux-ppc64-gnu@0.111.0
794 silly packumentCache full:https://registry.npmjs.org/@oxc-transform%2fbinding-linux-ppc64-gnu cache-miss
795 http fetch GET 200 https://registry.npmjs.org/@oxc-transform%2fbinding-linux-ppc64-gnu 95ms (cache miss)
796 silly packumentCache full:https://registry.npmjs.org/@oxc-transform%2fbinding-linux-ppc64-gnu set size:undefined disposed:false
797 silly fetch manifest @oxc-transform/binding-linux-s390x-gnu@0.111.0
798 silly packumentCache full:https://registry.npmjs.org/@oxc-transform%2fbinding-linux-s390x-gnu cache-miss
799 http fetch GET 200 https://registry.npmjs.org/@oxc-transform%2fbinding-linux-s390x-gnu 90ms (cache miss)
800 silly packumentCache full:https://registry.npmjs.org/@oxc-transform%2fbinding-linux-s390x-gnu set size:undefined disposed:false
801 silly fetch manifest @oxc-transform/binding-win32-ia32-msvc@0.111.0
802 silly packumentCache full:https://registry.npmjs.org/@oxc-transform%2fbinding-win32-ia32-msvc cache-miss
803 http fetch GET 200 https://registry.npmjs.org/@oxc-transform%2fbinding-win32-ia32-msvc 118ms (cache miss)
804 silly packumentCache full:https://registry.npmjs.org/@oxc-transform%2fbinding-win32-ia32-msvc set size:undefined disposed:false
805 silly fetch manifest @oxc-transform/binding-android-arm-eabi@0.111.0
806 silly packumentCache full:https://registry.npmjs.org/@oxc-transform%2fbinding-android-arm-eabi cache-miss
807 http fetch GET 200 https://registry.npmjs.org/@oxc-transform%2fbinding-android-arm-eabi 114ms (cache miss)
808 silly packumentCache full:https://registry.npmjs.org/@oxc-transform%2fbinding-android-arm-eabi set size:undefined disposed:false
809 silly fetch manifest @oxc-transform/binding-linux-arm64-musl@0.111.0
810 silly packumentCache full:https://registry.npmjs.org/@oxc-transform%2fbinding-linux-arm64-musl cache-miss
811 http fetch GET 200 https://registry.npmjs.org/@oxc-transform%2fbinding-linux-arm64-musl 83ms (cache miss)
812 silly packumentCache full:https://registry.npmjs.org/@oxc-transform%2fbinding-linux-arm64-musl set size:undefined disposed:false
813 silly fetch manifest @oxc-transform/binding-win32-arm64-msvc@0.111.0
814 silly packumentCache full:https://registry.npmjs.org/@oxc-transform%2fbinding-win32-arm64-msvc cache-miss
815 http fetch GET 200 https://registry.npmjs.org/@oxc-transform%2fbinding-win32-arm64-msvc 118ms (cache miss)
816 silly packumentCache full:https://registry.npmjs.org/@oxc-transform%2fbinding-win32-arm64-msvc set size:undefined disposed:false
817 silly fetch manifest @oxc-transform/binding-linux-riscv64-gnu@0.111.0
818 silly packumentCache full:https://registry.npmjs.org/@oxc-transform%2fbinding-linux-riscv64-gnu cache-miss
819 http fetch GET 200 https://registry.npmjs.org/@oxc-transform%2fbinding-linux-riscv64-gnu 95ms (cache miss)
820 silly packumentCache full:https://registry.npmjs.org/@oxc-transform%2fbinding-linux-riscv64-gnu set size:undefined disposed:false
821 silly fetch manifest @oxc-transform/binding-openharmony-arm64@0.111.0
822 silly packumentCache full:https://registry.npmjs.org/@oxc-transform%2fbinding-openharmony-arm64 cache-miss
823 http fetch GET 200 https://registry.npmjs.org/@oxc-transform%2fbinding-openharmony-arm64 80ms (cache miss)
824 silly packumentCache full:https://registry.npmjs.org/@oxc-transform%2fbinding-openharmony-arm64 set size:undefined disposed:false
825 silly fetch manifest @oxc-transform/binding-linux-riscv64-musl@0.111.0
826 silly packumentCache full:https://registry.npmjs.org/@oxc-transform%2fbinding-linux-riscv64-musl cache-miss
827 http fetch GET 200 https://registry.npmjs.org/@oxc-transform%2fbinding-linux-riscv64-musl 117ms (cache miss)
828 silly packumentCache full:https://registry.npmjs.org/@oxc-transform%2fbinding-linux-riscv64-musl set size:undefined disposed:false
829 silly fetch manifest @oxc-transform/binding-linux-arm-gnueabihf@0.111.0
830 silly packumentCache full:https://registry.npmjs.org/@oxc-transform%2fbinding-linux-arm-gnueabihf cache-miss
831 http fetch GET 200 https://registry.npmjs.org/@oxc-transform%2fbinding-linux-arm-gnueabihf 103ms (cache miss)
832 silly packumentCache full:https://registry.npmjs.org/@oxc-transform%2fbinding-linux-arm-gnueabihf set size:undefined disposed:false
833 silly fetch manifest @oxc-transform/binding-linux-arm-musleabihf@0.111.0
834 silly packumentCache full:https://registry.npmjs.org/@oxc-transform%2fbinding-linux-arm-musleabihf cache-miss
835 http fetch GET 200 https://registry.npmjs.org/@oxc-transform%2fbinding-linux-arm-musleabihf 72ms (cache miss)
836 silly packumentCache full:https://registry.npmjs.org/@oxc-transform%2fbinding-linux-arm-musleabihf set size:undefined disposed:false
837 silly fetch manifest @oxc-project/types@=0.110.0
838 silly packumentCache full:https://registry.npmjs.org/@oxc-project%2ftypes cache-miss
839 http fetch GET 200 https://registry.npmjs.org/@oxc-project%2ftypes 114ms (cache miss)
840 silly packumentCache full:https://registry.npmjs.org/@oxc-project%2ftypes set size:undefined disposed:false
841 silly fetch manifest @rolldown/pluginutils@1.0.0-rc.1
842 silly packumentCache full:https://registry.npmjs.org/@rolldown%2fpluginutils cache-miss
843 http fetch GET 200 https://registry.npmjs.org/@rolldown%2fpluginutils 85ms (cache miss)
844 silly packumentCache full:https://registry.npmjs.org/@rolldown%2fpluginutils set size:undefined disposed:false
845 silly fetch manifest @rolldown/binding-darwin-x64@1.0.0-rc.1
846 silly packumentCache full:https://registry.npmjs.org/@rolldown%2fbinding-darwin-x64 cache-miss
847 http fetch GET 200 https://registry.npmjs.org/@rolldown%2fbinding-darwin-x64 165ms (cache miss)
848 silly packumentCache full:https://registry.npmjs.org/@rolldown%2fbinding-darwin-x64 set size:undefined disposed:false
849 silly fetch manifest @rolldown/binding-freebsd-x64@1.0.0-rc.1
850 silly packumentCache full:https://registry.npmjs.org/@rolldown%2fbinding-freebsd-x64 cache-miss
851 http fetch GET 200 https://registry.npmjs.org/@rolldown%2fbinding-freebsd-x64 119ms (cache miss)
852 silly packumentCache full:https://registry.npmjs.org/@rolldown%2fbinding-freebsd-x64 set size:undefined disposed:false
853 silly fetch manifest @rolldown/binding-wasm32-wasi@1.0.0-rc.1
854 silly packumentCache full:https://registry.npmjs.org/@rolldown%2fbinding-wasm32-wasi cache-miss
855 http fetch GET 200 https://registry.npmjs.org/@rolldown%2fbinding-wasm32-wasi 179ms (cache miss)
856 silly packumentCache full:https://registry.npmjs.org/@rolldown%2fbinding-wasm32-wasi set size:undefined disposed:false
857 silly fetch manifest @rolldown/binding-darwin-arm64@1.0.0-rc.1
858 silly packumentCache full:https://registry.npmjs.org/@rolldown%2fbinding-darwin-arm64 cache-miss
859 http fetch GET 200 https://registry.npmjs.org/@rolldown%2fbinding-darwin-arm64 123ms (cache miss)
860 silly packumentCache full:https://registry.npmjs.org/@rolldown%2fbinding-darwin-arm64 set size:undefined disposed:false
861 silly fetch manifest @rolldown/binding-android-arm64@1.0.0-rc.1
862 silly packumentCache full:https://registry.npmjs.org/@rolldown%2fbinding-android-arm64 cache-miss
863 http fetch GET 200 https://registry.npmjs.org/@rolldown%2fbinding-android-arm64 162ms (cache miss)
864 silly packumentCache full:https://registry.npmjs.org/@rolldown%2fbinding-android-arm64 set size:undefined disposed:false
865 silly fetch manifest @rolldown/binding-linux-x64-gnu@1.0.0-rc.1
866 silly packumentCache full:https://registry.npmjs.org/@rolldown%2fbinding-linux-x64-gnu cache-miss
867 http fetch GET 200 https://registry.npmjs.org/@rolldown%2fbinding-linux-x64-gnu 185ms (cache miss)
868 silly packumentCache full:https://registry.npmjs.org/@rolldown%2fbinding-linux-x64-gnu set size:undefined disposed:false
869 silly fetch manifest @rolldown/binding-linux-x64-musl@1.0.0-rc.1
870 silly packumentCache full:https://registry.npmjs.org/@rolldown%2fbinding-linux-x64-musl cache-miss
871 http fetch GET 200 https://registry.npmjs.org/@rolldown%2fbinding-linux-x64-musl 184ms (cache miss)
872 silly packumentCache full:https://registry.npmjs.org/@rolldown%2fbinding-linux-x64-musl set size:undefined disposed:false
873 silly fetch manifest @rolldown/binding-win32-x64-msvc@1.0.0-rc.1
874 silly packumentCache full:https://registry.npmjs.org/@rolldown%2fbinding-win32-x64-msvc cache-miss
875 http fetch GET 200 https://registry.npmjs.org/@rolldown%2fbinding-win32-x64-msvc 159ms (cache miss)
876 silly packumentCache full:https://registry.npmjs.org/@rolldown%2fbinding-win32-x64-msvc set size:undefined disposed:false
877 silly fetch manifest @rolldown/binding-linux-arm64-gnu@1.0.0-rc.1
878 silly packumentCache full:https://registry.npmjs.org/@rolldown%2fbinding-linux-arm64-gnu cache-miss
879 http fetch GET 200 https://registry.npmjs.org/@rolldown%2fbinding-linux-arm64-gnu 213ms (cache miss)
880 silly packumentCache full:https://registry.npmjs.org/@rolldown%2fbinding-linux-arm64-gnu set size:undefined disposed:false
881 silly fetch manifest @rolldown/binding-linux-arm64-musl@1.0.0-rc.1
882 silly packumentCache full:https://registry.npmjs.org/@rolldown%2fbinding-linux-arm64-musl cache-miss
883 http fetch GET 200 https://registry.npmjs.org/@rolldown%2fbinding-linux-arm64-musl 190ms (cache miss)
884 silly packumentCache full:https://registry.npmjs.org/@rolldown%2fbinding-linux-arm64-musl set size:undefined disposed:false
885 silly fetch manifest @rolldown/binding-win32-arm64-msvc@1.0.0-rc.1
886 silly packumentCache full:https://registry.npmjs.org/@rolldown%2fbinding-win32-arm64-msvc cache-miss
887 http fetch GET 200 https://registry.npmjs.org/@rolldown%2fbinding-win32-arm64-msvc 208ms (cache miss)
888 silly packumentCache full:https://registry.npmjs.org/@rolldown%2fbinding-win32-arm64-msvc set size:undefined disposed:false
889 silly fetch manifest @rolldown/binding-openharmony-arm64@1.0.0-rc.1
890 silly packumentCache full:https://registry.npmjs.org/@rolldown%2fbinding-openharmony-arm64 cache-miss
891 http fetch GET 200 https://registry.npmjs.org/@rolldown%2fbinding-openharmony-arm64 84ms (cache miss)
892 silly packumentCache full:https://registry.npmjs.org/@rolldown%2fbinding-openharmony-arm64 set size:undefined disposed:false
893 silly fetch manifest @rolldown/binding-linux-arm-gnueabihf@1.0.0-rc.1
894 silly packumentCache full:https://registry.npmjs.org/@rolldown%2fbinding-linux-arm-gnueabihf cache-miss
895 http fetch GET 200 https://registry.npmjs.org/@rolldown%2fbinding-linux-arm-gnueabihf 263ms (cache miss)
896 silly packumentCache full:https://registry.npmjs.org/@rolldown%2fbinding-linux-arm-gnueabihf set size:undefined disposed:false
897 silly fetch manifest @ts-morph/common@~0.11.0
898 silly packumentCache full:https://registry.npmjs.org/@ts-morph%2fcommon cache-miss
899 http fetch GET 200 https://registry.npmjs.org/@ts-morph%2fcommon 72ms (cache miss)
900 silly packumentCache full:https://registry.npmjs.org/@ts-morph%2fcommon set size:undefined disposed:false
901 silly fetch manifest code-block-writer@^10.1.1
902 silly packumentCache full:https://registry.npmjs.org/code-block-writer cache-miss
903 http fetch GET 200 https://registry.npmjs.org/code-block-writer 84ms (cache miss)
904 silly packumentCache full:https://registry.npmjs.org/code-block-writer set size:undefined disposed:false
905 silly fetch manifest get-tsconfig@^4.7.5
906 silly packumentCache full:https://registry.npmjs.org/get-tsconfig cache-miss
907 http fetch GET 200 https://registry.npmjs.org/get-tsconfig 102ms (cache miss)
908 silly packumentCache full:https://registry.npmjs.org/get-tsconfig set size:undefined disposed:false
909 silly fetch manifest fsevents@~2.3.3
910 silly packumentCache full:https://registry.npmjs.org/fsevents cache-miss
911 http fetch GET 200 https://registry.npmjs.org/fsevents 97ms (cache miss)
912 silly packumentCache full:https://registry.npmjs.org/fsevents set size:undefined disposed:false
913 silly placeDep node_modules/vercel @vercel/oidc@3.8.9 OK for: @vercel/blob@2.8.0 want: ^3.6.1
914 silly placeDep node_modules/vercel async-retry@1.3.3 OK for: @vercel/blob@2.8.0 want: ^1.3.3
915 silly placeDep node_modules/vercel is-buffer@2.0.5 OK for: @vercel/blob@2.8.0 want: ^2.0.5
916 silly placeDep node_modules/vercel is-node-process@1.2.0 OK for: @vercel/blob@2.8.0 want: ^1.2.0
917 silly placeDep node_modules/vercel throttleit@2.1.0 OK for: @vercel/blob@2.8.0 want: ^2.1.0
918 silly placeDep node_modules/vercel/node_modules/@vercel/blob undici@6.28.1 OK for: @vercel/blob@2.8.0 want: ^6.23.0
919 silly fetch manifest @vercel/cli-exec@1.0.1
920 silly packumentCache full:https://registry.npmjs.org/@vercel%2fcli-exec cache-miss
921 http fetch GET 200 https://registry.npmjs.org/@vercel%2fcli-exec 93ms (cache miss)
922 silly packumentCache full:https://registry.npmjs.org/@vercel%2fcli-exec set size:undefined disposed:false
923 silly fetch manifest retry@0.13.1
924 silly packumentCache full:https://registry.npmjs.org/retry cache-miss
925 http fetch GET 200 https://registry.npmjs.org/retry 69ms (cache revalidated)
926 silly packumentCache full:https://registry.npmjs.org/retry set size:31161 disposed:false
927 silly placeDep node_modules/vercel cjs-module-lexer@1.2.3 OK for: @vercel/build-utils@14.10.1 want: 1.2.3
928 silly placeDep node_modules/vercel es-module-lexer@1.5.0 OK for: @vercel/build-utils@14.10.1 want: 1.5.0
929 silly placeDep node_modules/vercel @napi-rs/keyring@1.2.0 OK for: @vercel/cli-auth@0.3.9 want: 1.2.0
930 silly placeDep node_modules/vercel async-listen@3.0.0 OK for: @vercel/cli-auth@0.3.9 want: 3.0.0
931 silly placeDep node_modules/vercel open@8.4.0 OK for: @vercel/cli-auth@0.3.9 want: 8.4.0
932 silly fetch manifest @napi-rs/keyring-darwin-x64@1.2.0
933 silly packumentCache full:https://registry.npmjs.org/@napi-rs%2fkeyring-darwin-x64 cache-miss
934 http fetch GET 200 https://registry.npmjs.org/@napi-rs%2fkeyring-darwin-x64 62ms (cache miss)
935 silly packumentCache full:https://registry.npmjs.org/@napi-rs%2fkeyring-darwin-x64 set size:undefined disposed:false
936 silly fetch manifest @napi-rs/keyring-freebsd-x64@1.2.0
937 silly packumentCache full:https://registry.npmjs.org/@napi-rs%2fkeyring-freebsd-x64 cache-miss
938 http fetch GET 200 https://registry.npmjs.org/@napi-rs%2fkeyring-freebsd-x64 98ms (cache miss)
939 silly packumentCache full:https://registry.npmjs.org/@napi-rs%2fkeyring-freebsd-x64 set size:undefined disposed:false
940 silly fetch manifest @napi-rs/keyring-darwin-arm64@1.2.0
941 silly packumentCache full:https://registry.npmjs.org/@napi-rs%2fkeyring-darwin-arm64 cache-miss
942 http fetch GET 200 https://registry.npmjs.org/@napi-rs%2fkeyring-darwin-arm64 125ms (cache miss)
943 silly packumentCache full:https://registry.npmjs.org/@napi-rs%2fkeyring-darwin-arm64 set size:undefined disposed:false
944 silly fetch manifest @napi-rs/keyring-linux-x64-gnu@1.2.0
945 silly packumentCache full:https://registry.npmjs.org/@napi-rs%2fkeyring-linux-x64-gnu cache-miss
946 http fetch GET 200 https://registry.npmjs.org/@napi-rs%2fkeyring-linux-x64-gnu 77ms (cache miss)
947 silly packumentCache full:https://registry.npmjs.org/@napi-rs%2fkeyring-linux-x64-gnu set size:undefined disposed:false
948 silly fetch manifest @napi-rs/keyring-linux-x64-musl@1.2.0
949 silly packumentCache full:https://registry.npmjs.org/@napi-rs%2fkeyring-linux-x64-musl cache-miss
950 http fetch GET 200 https://registry.npmjs.org/@napi-rs%2fkeyring-linux-x64-musl 67ms (cache miss)
951 silly packumentCache full:https://registry.npmjs.org/@napi-rs%2fkeyring-linux-x64-musl set size:undefined disposed:false
952 silly fetch manifest @napi-rs/keyring-win32-x64-msvc@1.2.0
953 silly packumentCache full:https://registry.npmjs.org/@napi-rs%2fkeyring-win32-x64-msvc cache-miss
954 http fetch GET 200 https://registry.npmjs.org/@napi-rs%2fkeyring-win32-x64-msvc 109ms (cache miss)
955 silly packumentCache full:https://registry.npmjs.org/@napi-rs%2fkeyring-win32-x64-msvc set size:undefined disposed:false
956 silly fetch manifest @napi-rs/keyring-linux-arm64-gnu@1.2.0
957 silly packumentCache full:https://registry.npmjs.org/@napi-rs%2fkeyring-linux-arm64-gnu cache-miss
958 http fetch GET 200 https://registry.npmjs.org/@napi-rs%2fkeyring-linux-arm64-gnu 118ms (cache miss)
959 silly packumentCache full:https://registry.npmjs.org/@napi-rs%2fkeyring-linux-arm64-gnu set size:undefined disposed:false
960 silly fetch manifest @napi-rs/keyring-win32-ia32-msvc@1.2.0
961 silly packumentCache full:https://registry.npmjs.org/@napi-rs%2fkeyring-win32-ia32-msvc cache-miss
962 http fetch GET 200 https://registry.npmjs.org/@napi-rs%2fkeyring-win32-ia32-msvc 84ms (cache miss)
963 silly packumentCache full:https://registry.npmjs.org/@napi-rs%2fkeyring-win32-ia32-msvc set size:undefined disposed:false
964 silly fetch manifest @napi-rs/keyring-linux-arm64-musl@1.2.0
965 silly packumentCache full:https://registry.npmjs.org/@napi-rs%2fkeyring-linux-arm64-musl cache-miss
966 http fetch GET 200 https://registry.npmjs.org/@napi-rs%2fkeyring-linux-arm64-musl 655ms (cache miss)
967 silly packumentCache full:https://registry.npmjs.org/@napi-rs%2fkeyring-linux-arm64-musl set size:undefined disposed:false
968 silly fetch manifest @napi-rs/keyring-win32-arm64-msvc@1.2.0
969 silly packumentCache full:https://registry.npmjs.org/@napi-rs%2fkeyring-win32-arm64-msvc cache-miss
970 http fetch GET 200 https://registry.npmjs.org/@napi-rs%2fkeyring-win32-arm64-msvc 79ms (cache miss)
971 silly packumentCache full:https://registry.npmjs.org/@napi-rs%2fkeyring-win32-arm64-msvc set size:undefined disposed:false
972 silly fetch manifest @napi-rs/keyring-linux-riscv64-gnu@1.2.0
973 silly packumentCache full:https://registry.npmjs.org/@napi-rs%2fkeyring-linux-riscv64-gnu cache-miss
974 http fetch GET 200 https://registry.npmjs.org/@napi-rs%2fkeyring-linux-riscv64-gnu 61ms (cache miss)
975 silly packumentCache full:https://registry.npmjs.org/@napi-rs%2fkeyring-linux-riscv64-gnu set size:undefined disposed:false
976 silly fetch manifest @napi-rs/keyring-linux-arm-gnueabihf@1.2.0
977 silly packumentCache full:https://registry.npmjs.org/@napi-rs%2fkeyring-linux-arm-gnueabihf cache-miss
978 http fetch GET 200 https://registry.npmjs.org/@napi-rs%2fkeyring-linux-arm-gnueabihf 76ms (cache miss)
979 silly packumentCache full:https://registry.npmjs.org/@napi-rs%2fkeyring-linux-arm-gnueabihf set size:undefined disposed:false
980 silly fetch manifest is-wsl@^2.2.0
981 silly packumentCache full:https://registry.npmjs.org/is-wsl cache-miss
982 http fetch GET 200 https://registry.npmjs.org/is-wsl 83ms (cache miss)
983 silly packumentCache full:https://registry.npmjs.org/is-wsl set size:undefined disposed:false
984 silly fetch manifest is-docker@^2.1.1
985 silly packumentCache full:https://registry.npmjs.org/is-docker cache-miss
986 http fetch GET 200 https://registry.npmjs.org/is-docker 82ms (cache miss)
987 silly packumentCache full:https://registry.npmjs.org/is-docker set size:undefined disposed:false
988 silly fetch manifest define-lazy-prop@^2.0.0
989 silly packumentCache full:https://registry.npmjs.org/define-lazy-prop cache-miss
990 http fetch GET 200 https://registry.npmjs.org/define-lazy-prop 50ms (cache miss)
991 silly packumentCache full:https://registry.npmjs.org/define-lazy-prop set size:undefined disposed:false
992 silly placeDep node_modules/vercel @napi-rs/keyring-darwin-arm64@1.2.0 OK for: @napi-rs/keyring@1.2.0 want: 1.2.0
993 silly placeDep node_modules/vercel @napi-rs/keyring-darwin-x64@1.2.0 OK for: @napi-rs/keyring@1.2.0 want: 1.2.0
994 silly placeDep node_modules/vercel @napi-rs/keyring-freebsd-x64@1.2.0 OK for: @napi-rs/keyring@1.2.0 want: 1.2.0
995 silly placeDep node_modules/vercel @napi-rs/keyring-linux-arm-gnueabihf@1.2.0 OK for: @napi-rs/keyring@1.2.0 want: 1.2.0
996 silly placeDep node_modules/vercel @napi-rs/keyring-linux-arm64-gnu@1.2.0 OK for: @napi-rs/keyring@1.2.0 want: 1.2.0
997 silly placeDep node_modules/vercel @napi-rs/keyring-linux-arm64-musl@1.2.0 OK for: @napi-rs/keyring@1.2.0 want: 1.2.0
998 silly placeDep node_modules/vercel @napi-rs/keyring-linux-riscv64-gnu@1.2.0 OK for: @napi-rs/keyring@1.2.0 want: 1.2.0
999 silly placeDep node_modules/vercel @napi-rs/keyring-linux-x64-gnu@1.2.0 OK for: @napi-rs/keyring@1.2.0 want: 1.2.0
1000 silly placeDep node_modules/vercel @napi-rs/keyring-linux-x64-musl@1.2.0 OK for: @napi-rs/keyring@1.2.0 want: 1.2.0
1001 silly placeDep node_modules/vercel @napi-rs/keyring-win32-arm64-msvc@1.2.0 OK for: @napi-rs/keyring@1.2.0 want: 1.2.0
1002 silly placeDep node_modules/vercel @napi-rs/keyring-win32-ia32-msvc@1.2.0 OK for: @napi-rs/keyring@1.2.0 want: 1.2.0
1003 silly placeDep node_modules/vercel @napi-rs/keyring-win32-x64-msvc@1.2.0 OK for: @napi-rs/keyring@1.2.0 want: 1.2.0
1004 silly placeDep node_modules/vercel xdg-app-paths@5.5.1 OK for: @vercel/cli-config@0.3.0 want: 5
1005 silly fetch manifest os-paths@^4.0.1
1006 silly packumentCache full:https://registry.npmjs.org/os-paths cache-miss
1007 http fetch GET 200 https://registry.npmjs.org/os-paths 95ms (cache miss)
1008 silly packumentCache full:https://registry.npmjs.org/os-paths set size:undefined disposed:false
1009 silly fetch manifest xdg-portable@^7.2.0
1010 silly packumentCache full:https://registry.npmjs.org/xdg-portable cache-miss
1011 http fetch GET 200 https://registry.npmjs.org/xdg-portable 76ms (cache miss)
1012 silly packumentCache full:https://registry.npmjs.org/xdg-portable set size:undefined disposed:false
1013 silly placeDep node_modules/vercel tar@7.5.11 OK for: @vercel/container@8.3.0 want: 7.5.11
1014 silly fetch manifest chownr@^3.0.0
1015 silly packumentCache full:https://registry.npmjs.org/chownr cache-miss
1016 http fetch GET 200 https://registry.npmjs.org/chownr 60ms (cache miss)
1017 silly packumentCache full:https://registry.npmjs.org/chownr set size:undefined disposed:false
1018 silly fetch manifest yallist@^5.0.0
1019 silly packumentCache full:https://registry.npmjs.org/yallist cache-miss
1020 http fetch GET 200 https://registry.npmjs.org/yallist 58ms (cache miss)
1021 silly packumentCache full:https://registry.npmjs.org/yallist set size:undefined disposed:false
1022 silly fetch manifest minipass@^7.1.2
1023 silly packumentCache full:https://registry.npmjs.org/minipass cache-miss
1024 http fetch GET 200 https://registry.npmjs.org/minipass 88ms (cache miss)
1025 silly packumentCache full:https://registry.npmjs.org/minipass set size:undefined disposed:false
1026 silly fetch manifest minizlib@^3.1.0
1027 silly packumentCache full:https://registry.npmjs.org/minizlib cache-miss
1028 http fetch GET 200 https://registry.npmjs.org/minizlib 62ms (cache miss)
1029 silly packumentCache full:https://registry.npmjs.org/minizlib set size:undefined disposed:false
1030 silly fetch manifest @isaacs/fs-minipass@^4.0.0
1031 silly packumentCache full:https://registry.npmjs.org/@isaacs%2ffs-minipass cache-miss
1032 http fetch GET 200 https://registry.npmjs.org/@isaacs%2ffs-minipass 61ms (cache miss)
1033 silly packumentCache full:https://registry.npmjs.org/@isaacs%2ffs-minipass set size:undefined disposed:false
1034 silly placeDep node_modules/vercel @vercel/cervel@0.1.65 OK for: @vercel/express@8.0.1 want: 0.1.65
1035 silly placeDep node_modules/vercel/node_modules/@vercel/express zod@3.22.4 OK for: @vercel/express@8.0.1 want: 3.22.4
1036 silly fetch manifest encoding@^0.1.0
1037 silly packumentCache full:https://registry.npmjs.org/encoding cache-miss
1038 http fetch GET 200 https://registry.npmjs.org/encoding 56ms (cache miss)
1039 silly packumentCache full:https://registry.npmjs.org/encoding set size:undefined disposed:false
1040 silly placeDep node_modules/vercel @tootallnate/once@2.0.0 OK for: @vercel/fun@1.3.0 want: 2.0.0
1041 silly placeDep node_modules/vercel/node_modules/@vercel/fun async-listen@1.2.0 OK for: @vercel/fun@1.3.0 want: 1.2.0
1042 silly placeDep node_modules/vercel debug@4.3.4 OK for: @vercel/fun@1.3.0 want: 4.3.4
1043 silly placeDep node_modules/vercel generic-pool@3.4.2 OK for: @vercel/fun@1.3.0 want: 3.4.2
1044 silly placeDep node_modules/vercel micro@9.3.5-canary.3 OK for: @vercel/fun@1.3.0 want: 9.3.5-canary.3
1045 silly placeDep node_modules/vercel ms@2.1.1 OK for: @vercel/fun@1.3.0 want: 2.1.1
1046 silly placeDep node_modules/vercel node-fetch@2.6.7 OK for: @vercel/fun@1.3.0 want: 2.6.7
1047 silly placeDep node_modules/vercel/node_modules/@vercel/fun path-to-regexp@8.2.0 OK for: @vercel/fun@1.3.0 want: 8.2.0
1048 silly placeDep node_modules/vercel promisepipe@3.0.0 OK for: @vercel/fun@1.3.0 want: 3.0.0
1049 silly placeDep node_modules/vercel semver@7.5.4 OK for: @vercel/fun@1.3.0 want: 7.5.4
1050 silly placeDep node_modules/vercel stat-mode@0.3.0 OK for: @vercel/fun@1.3.0 want: 0.3.0
1051 silly placeDep node_modules/vercel stream-to-promise@2.2.0 OK for: @vercel/fun@1.3.0 want: 2.2.0
1052 silly placeDep node_modules/vercel/node_modules/@vercel/fun tar@7.5.7 OK for: @vercel/fun@1.3.0 want: 7.5.7
1053 silly placeDep node_modules/vercel tinyexec@0.3.2 OK for: @vercel/fun@1.3.0 want: 0.3.2
1054 silly placeDep node_modules/vercel tree-kill@1.2.2 OK for: @vercel/fun@1.3.0 want: 1.2.2
1055 silly placeDep node_modules/vercel uid-promise@1.0.0 OK for: @vercel/fun@1.3.0 want: 1.0.0
1056 silly placeDep node_modules/vercel/node_modules/@vercel/fun xdg-app-paths@5.1.0 OK for: @vercel/fun@1.3.0 want: 5.1.0
1057 silly placeDep node_modules/vercel yauzl-promise@2.1.3 OK for: @vercel/fun@1.3.0 want: 2.1.3
1058 silly fetch manifest ms@2.1.2
1059 silly packumentCache full:https://registry.npmjs.org/ms cache-miss
1060 http cache https://registry.npmjs.org/ms 18ms (cache hit)
1061 silly packumentCache full:https://registry.npmjs.org/ms set size:92208 disposed:false
1062 silly fetch manifest arg@4.1.0
1063 silly packumentCache full:https://registry.npmjs.org/arg cache-miss
1064 http fetch GET 200 https://registry.npmjs.org/arg 86ms (cache miss)
1065 silly packumentCache full:https://registry.npmjs.org/arg set size:undefined disposed:false
1066 silly fetch manifest raw-body@2.4.1
1067 silly packumentCache full:https://registry.npmjs.org/raw-body cache-miss
1068 http fetch GET 200 https://registry.npmjs.org/raw-body 62ms (cache miss)
1069 silly packumentCache full:https://registry.npmjs.org/raw-body set size:undefined disposed:false
1070 silly fetch manifest content-type@1.0.4
1071 silly packumentCache full:https://registry.npmjs.org/content-type cache-miss
1072 http fetch GET 200 https://registry.npmjs.org/content-type 64ms (cache miss)
1073 silly packumentCache full:https://registry.npmjs.org/content-type set size:undefined disposed:false
1074 silly fetch manifest whatwg-url@^5.0.0
1075 silly packumentCache full:https://registry.npmjs.org/whatwg-url cache-miss
1076 http fetch GET 200 https://registry.npmjs.org/whatwg-url 67ms (cache miss)
1077 silly packumentCache full:https://registry.npmjs.org/whatwg-url set size:undefined disposed:false
1078 silly fetch manifest lru-cache@^6.0.0
1079 silly packumentCache full:https://registry.npmjs.org/lru-cache cache-miss
1080 http fetch GET 200 https://registry.npmjs.org/lru-cache 236ms (cache miss)
1081 silly packumentCache full:https://registry.npmjs.org/lru-cache set size:undefined disposed:false
1082 silly fetch manifest any-promise@~1.3.0
1083 silly packumentCache full:https://registry.npmjs.org/any-promise cache-miss
1084 http fetch GET 200 https://registry.npmjs.org/any-promise 101ms (cache miss)
1085 silly packumentCache full:https://registry.npmjs.org/any-promise set size:undefined disposed:false
1086 silly fetch manifest end-of-stream@~1.1.0
1087 silly packumentCache full:https://registry.npmjs.org/end-of-stream cache-miss
1088 http fetch GET 200 https://registry.npmjs.org/end-of-stream 64ms (cache miss)
1089 silly packumentCache full:https://registry.npmjs.org/end-of-stream set size:undefined disposed:false
1090 silly fetch manifest stream-to-array@~2.3.0
1091 silly packumentCache full:https://registry.npmjs.org/stream-to-array cache-miss
1092 http fetch GET 200 https://registry.npmjs.org/stream-to-array 58ms (cache miss)
1093 silly packumentCache full:https://registry.npmjs.org/stream-to-array set size:undefined disposed:false
1094 silly fetch manifest xdg-portable@^7.0.0
1095 silly packumentCache full:https://registry.npmjs.org/xdg-portable cache-miss
1096 http cache https://registry.npmjs.org/xdg-portable 37ms (cache hit)
1097 silly packumentCache full:https://registry.npmjs.org/xdg-portable set size:329210 disposed:false
1098 silly fetch manifest yauzl@^2.9.1
1099 silly packumentCache full:https://registry.npmjs.org/yauzl cache-miss
1100 http fetch GET 200 https://registry.npmjs.org/yauzl 90ms (cache miss)
1101 silly packumentCache full:https://registry.npmjs.org/yauzl set size:undefined disposed:false
1102 silly fetch manifest yauzl-clone@^1.0.4
1103 silly packumentCache full:https://registry.npmjs.org/yauzl-clone cache-miss
1104 http fetch GET 200 https://registry.npmjs.org/yauzl-clone 81ms (cache miss)
1105 silly packumentCache full:https://registry.npmjs.org/yauzl-clone set size:undefined disposed:false
1106 silly placeDep node_modules/vercel/node_modules/@vercel/hono zod@3.22.4 OK for: @vercel/hono@8.0.1 want: 3.22.4
1107 silly fetch manifest rollup@^1.20.0||^2.0.0||^3.0.0||^4.0.0
1108 silly packumentCache full:https://registry.npmjs.org/rollup cache-miss
1109 http fetch GET 200 https://registry.npmjs.org/rollup 365ms (cache miss)
1110 silly packumentCache full:https://registry.npmjs.org/rollup set size:undefined disposed:false
1111 silly placeDep node_modules/vercel @mapbox/node-pre-gyp@2.0.3 OK for: @vercel/nft@1.10.0 want: ^2.0.0
1112 silly placeDep node_modules/vercel @rollup/pluginutils@5.4.0 OK for: @vercel/nft@1.10.0 want: ^5.1.3
1113 silly placeDep node_modules/vercel acorn@8.18.0 OK for: @vercel/nft@1.10.0 want: ^8.6.0
1114 silly placeDep node_modules/vercel acorn-import-attributes@1.9.5 OK for: @vercel/nft@1.10.0 want: ^1.9.5
1115 silly placeDep node_modules/vercel async-sema@3.1.1 OK for: @vercel/nft@1.10.0 want: ^3.1.1
1116 silly placeDep node_modules/vercel bindings@1.5.0 OK for: @vercel/nft@1.10.0 want: ^1.4.0
1117 silly placeDep node_modules/vercel estree-walker@2.0.2 OK for: @vercel/nft@1.10.0 want: 2.0.2
1118 silly placeDep node_modules/vercel glob@13.0.6 OK for: @vercel/nft@1.10.0 want: ^13.0.0
1119 silly placeDep node_modules/vercel graceful-fs@4.2.11 OK for: @vercel/nft@1.10.0 want: ^4.2.9
1120 silly placeDep node_modules/vercel node-gyp-build@4.8.4 OK for: @vercel/nft@1.10.0 want: ^4.2.2
1121 silly placeDep node_modules/vercel picomatch@4.0.7 OK for: @vercel/nft@1.10.0 want: ^4.0.2
1122 silly placeDep node_modules/vercel resolve-from@5.0.0 OK for: @vercel/nft@1.10.0 want: ^5.0.0
1123 silly fetch manifest nopt@^8.0.0
1124 silly packumentCache full:https://registry.npmjs.org/nopt cache-miss
1125 http fetch GET 200 https://registry.npmjs.org/nopt 101ms (cache miss)
1126 silly packumentCache full:https://registry.npmjs.org/nopt set size:undefined disposed:false
1127 silly fetch manifest consola@^3.2.3
1128 silly packumentCache full:https://registry.npmjs.org/consola cache-miss
1129 http fetch GET 200 https://registry.npmjs.org/consola 114ms (cache miss)
1130 silly packumentCache full:https://registry.npmjs.org/consola set size:undefined disposed:false
1131 silly fetch manifest detect-libc@^2.0.0
1132 silly packumentCache full:https://registry.npmjs.org/detect-libc cache-miss
1133 http fetch GET 200 https://registry.npmjs.org/detect-libc 145ms (cache revalidated)
1134 silly packumentCache full:https://registry.npmjs.org/detect-libc set size:47861 disposed:false
1135 silly fetch manifest https-proxy-agent@^7.0.5
1136 silly packumentCache full:https://registry.npmjs.org/https-proxy-agent cache-miss
1137 http fetch GET 200 https://registry.npmjs.org/https-proxy-agent 99ms (cache miss)
1138 silly packumentCache full:https://registry.npmjs.org/https-proxy-agent set size:undefined disposed:false
1139 silly fetch manifest @types/estree@^1.0.0
1140 silly packumentCache full:https://registry.npmjs.org/@types%2festree cache-miss
1141 http fetch GET 200 https://registry.npmjs.org/@types%2festree 60ms (cache miss)
1142 silly packumentCache full:https://registry.npmjs.org/@types%2festree set size:undefined disposed:false
1143 silly fetch manifest estree-walker@^2.0.2
1144 silly packumentCache full:https://registry.npmjs.org/estree-walker cache-miss
1145 http cache https://registry.npmjs.org/estree-walker 36ms (cache hit)
1146 silly packumentCache full:https://registry.npmjs.org/estree-walker set size:60887 disposed:false
1147 silly fetch manifest file-uri-to-path@1.0.0
1148 silly packumentCache full:https://registry.npmjs.org/file-uri-to-path cache-miss
1149 http fetch GET 200 https://registry.npmjs.org/file-uri-to-path 75ms (cache miss)
1150 silly packumentCache full:https://registry.npmjs.org/file-uri-to-path set size:undefined disposed:false
1151 silly fetch manifest minimatch@^10.2.2
1152 silly packumentCache full:https://registry.npmjs.org/minimatch cache-miss
1153 http cache https://registry.npmjs.org/minimatch 33ms (cache hit)
1154 silly packumentCache full:https://registry.npmjs.org/minimatch set size:377924 disposed:false
1155 silly fetch manifest minipass@^7.1.3
1156 silly packumentCache full:https://registry.npmjs.org/minipass cache-miss
1157 http cache https://registry.npmjs.org/minipass 5ms (cache hit)
1158 silly packumentCache full:https://registry.npmjs.org/minipass set size:276925 disposed:false
1159 silly fetch manifest path-scurry@^2.0.2
1160 silly packumentCache full:https://registry.npmjs.org/path-scurry cache-miss
1161 http fetch GET 200 https://registry.npmjs.org/path-scurry 76ms (cache miss)
1162 silly packumentCache full:https://registry.npmjs.org/path-scurry set size:undefined disposed:false
1163 silly placeDep node_modules/vercel consola@3.4.2 OK for: @mapbox/node-pre-gyp@2.0.3 want: ^3.2.3
1164 silly placeDep node_modules/vercel detect-libc@2.1.2 OK for: @mapbox/node-pre-gyp@2.0.3 want: ^2.0.0
1165 silly placeDep node_modules/vercel https-proxy-agent@7.0.6 OK for: @mapbox/node-pre-gyp@2.0.3 want: ^7.0.5
1166 silly placeDep node_modules/vercel nopt@8.1.0 OK for: @mapbox/node-pre-gyp@2.0.3 want: ^8.0.0
1167 silly fetch manifest agent-base@^7.1.2
1168 silly packumentCache full:https://registry.npmjs.org/agent-base cache-miss
1169 http fetch GET 200 https://registry.npmjs.org/agent-base 62ms (cache miss)
1170 silly packumentCache full:https://registry.npmjs.org/agent-base set size:undefined disposed:false
1171 silly fetch manifest abbrev@^3.0.0
1172 silly packumentCache full:https://registry.npmjs.org/abbrev cache-miss
1173 http fetch GET 200 https://registry.npmjs.org/abbrev 57ms (cache miss)
1174 silly packumentCache full:https://registry.npmjs.org/abbrev set size:undefined disposed:false
1175 silly placeDep node_modules/vercel @types/estree@1.0.9 OK for: @rollup/pluginutils@5.4.0 want: ^1.0.0
1176 silly placeDep node_modules/vercel @edge-runtime/node-utils@2.3.0 OK for: @vercel/node@13.0.1 want: 2.3.0
1177 silly placeDep node_modules/vercel @edge-runtime/primitives@4.1.0 OK for: @vercel/node@13.0.1 want: 4.1.0
1178 silly placeDep node_modules/vercel @edge-runtime/vm@3.2.0 OK for: @vercel/node@13.0.1 want: 3.2.0
1179 silly placeDep node_modules/vercel @types/node@20.11.0 OK for: @vercel/node@13.0.1 want: 20.11.0
1180 silly placeDep node_modules/vercel @vercel/error-utils@2.2.1 OK for: @vercel/node@13.0.1 want: 2.2.1
1181 silly placeDep node_modules/vercel edge-runtime@2.5.9 OK for: @vercel/node@13.0.1 want: 2.5.9
1182 silly placeDep node_modules/vercel/node_modules/@vercel/node es-module-lexer@1.4.1 OK for: @vercel/node@13.0.1 want: 1.4.1
1183 silly placeDep node_modules/vercel etag@1.8.1 OK for: @vercel/node@13.0.1 want: 1.8.1
1184 silly placeDep node_modules/vercel mime-types@2.1.35 OK for: @vercel/node@13.0.1 want: 2.1.35
1185 silly placeDep node_modules/vercel/node_modules/@vercel/node node-fetch@2.6.9 OK for: @vercel/node@13.0.1 want: 2.6.9
1186 silly placeDep node_modules/vercel/node_modules/@vercel/node path-to-regexp@6.1.0 OK for: @vercel/node@13.0.1 want: 6.1.0
1187 silly placeDep node_modules/vercel path-to-regexp-updated@6.3.0 OK for: @vercel/node@13.0.1 want: npm:path-to-regexp@6.3.0
1188 silly placeDep node_modules/vercel typescript@5.9.3 OK for: @vercel/node@13.0.1 want: npm:typescript@5.9.3
1189 silly placeDep node_modules/vercel/node_modules/@vercel/node undici@5.28.4 OK for: @vercel/node@13.0.1 want: 5.28.4
1190 silly fetch manifest undici-types@~5.26.4
1191 silly packumentCache full:https://registry.npmjs.org/undici-types cache-miss
1192 http fetch GET 200 https://registry.npmjs.org/undici-types 76ms (cache miss)
1193 silly packumentCache full:https://registry.npmjs.org/undici-types set size:undefined disposed:false
1194 silly fetch manifest mri@1.2.0
1195 silly packumentCache full:https://registry.npmjs.org/mri cache-miss
1196 http fetch GET 200 https://registry.npmjs.org/mri 93ms (cache miss)
1197 silly packumentCache full:https://registry.npmjs.org/mri set size:undefined disposed:false
1198 silly fetch manifest pretty-ms@7.0.1
1199 silly packumentCache full:https://registry.npmjs.org/pretty-ms cache-miss
1200 http fetch GET 200 https://registry.npmjs.org/pretty-ms 59ms (cache miss)
1201 silly packumentCache full:https://registry.npmjs.org/pretty-ms set size:undefined disposed:false
1202 silly fetch manifest time-span@4.0.0
1203 silly packumentCache full:https://registry.npmjs.org/time-span cache-miss
1204 http fetch GET 200 https://registry.npmjs.org/time-span 51ms (cache miss)
1205 silly packumentCache full:https://registry.npmjs.org/time-span set size:undefined disposed:false
1206 silly fetch manifest picocolors@1.0.0
1207 silly packumentCache full:https://registry.npmjs.org/picocolors cache-miss
1208 http fetch GET 200 https://registry.npmjs.org/picocolors 89ms (cache miss)
1209 silly packumentCache full:https://registry.npmjs.org/picocolors set size:undefined disposed:false
1210 silly fetch manifest signal-exit@4.0.2
1211 silly packumentCache full:https://registry.npmjs.org/signal-exit cache-hit
1212 silly fetch manifest async-listen@3.0.1
1213 silly packumentCache full:https://registry.npmjs.org/async-listen cache-hit
1214 silly fetch manifest @edge-runtime/format@2.2.1
1215 silly packumentCache full:https://registry.npmjs.org/@edge-runtime%2fformat cache-miss
1216 http fetch GET 200 https://registry.npmjs.org/@edge-runtime%2fformat 78ms (cache miss)
1217 silly packumentCache full:https://registry.npmjs.org/@edge-runtime%2fformat set size:undefined disposed:false
1218 silly fetch manifest @edge-runtime/ponyfill@2.4.2
1219 silly packumentCache full:https://registry.npmjs.org/@edge-runtime%2fponyfill cache-miss
1220 http fetch GET 200 https://registry.npmjs.org/@edge-runtime%2fponyfill 78ms (cache miss)
1221 silly packumentCache full:https://registry.npmjs.org/@edge-runtime%2fponyfill set size:undefined disposed:false
1222 silly fetch manifest mime-db@1.52.0
1223 silly packumentCache full:https://registry.npmjs.org/mime-db cache-miss
1224 http fetch GET 200 https://registry.npmjs.org/mime-db 63ms (cache miss)
1225 silly packumentCache full:https://registry.npmjs.org/mime-db set size:undefined disposed:false
1226 silly placeDep node_modules/vercel undici-types@5.26.5 OK for: @types/node@20.11.0 want: ~5.26.4
1227 silly placeDep node_modules/vercel @vercel/cli-exec@1.0.1 OK for: @vercel/oidc@3.8.9 want: 1.0.1
1228 silly fetch manifest execa@5.1.1
1229 silly packumentCache full:https://registry.npmjs.org/execa cache-hit
1230 silly placeDep node_modules/vercel/node_modules/@vercel/cli-exec execa@5.1.1 OK for: @vercel/cli-exec@1.0.1 want: 5.1.1
1231 silly fetch manifest onetime@^5.1.2
1232 silly packumentCache full:https://registry.npmjs.org/onetime cache-miss
1233 http cache https://registry.npmjs.org/onetime 30ms (cache hit)
1234 silly packumentCache full:https://registry.npmjs.org/onetime set size:32314 disposed:false
1235 silly fetch manifest get-stream@^6.0.0
1236 silly packumentCache full:https://registry.npmjs.org/get-stream cache-miss
1237 http cache https://registry.npmjs.org/get-stream 9ms (cache hit)
1238 silly packumentCache full:https://registry.npmjs.org/get-stream set size:57536 disposed:false
1239 silly fetch manifest cross-spawn@^7.0.3
1240 silly packumentCache full:https://registry.npmjs.org/cross-spawn cache-hit
1241 silly fetch manifest signal-exit@^3.0.3
1242 silly packumentCache full:https://registry.npmjs.org/signal-exit cache-hit
1243 silly fetch manifest npm-run-path@^4.0.1
1244 silly packumentCache full:https://registry.npmjs.org/npm-run-path cache-miss
1245 http cache https://registry.npmjs.org/npm-run-path 4ms (cache hit)
1246 silly packumentCache full:https://registry.npmjs.org/npm-run-path set size:33596 disposed:false
1247 silly fetch manifest human-signals@^2.1.0
1248 silly packumentCache full:https://registry.npmjs.org/human-signals cache-miss
1249 http cache https://registry.npmjs.org/human-signals 4ms (cache hit)
1250 silly packumentCache full:https://registry.npmjs.org/human-signals set size:47322 disposed:false
1251 silly placeDep node_modules/vercel @bytecodealliance/preview2-shim@0.17.6 OK for: @vercel/python-analysis@0.14.0 want: 0.17.6
1252 silly placeDep node_modules/vercel @renovatebot/pep440@4.2.1 OK for: @vercel/python-analysis@0.14.0 want: 4.2.1
1253 silly placeDep node_modules/vercel/node_modules/@vercel/python-analysis fs-extra@11.1.1 OK for: @vercel/python-analysis@0.14.0 want: 11.1.1
1254 silly placeDep node_modules/vercel js-yaml@4.1.1 OK for: @vercel/python-analysis@0.14.0 want: 4.1.1
1255 silly placeDep node_modules/vercel minimatch@10.1.1 OK for: @vercel/python-analysis@0.14.0 want: 10.1.1
1256 silly placeDep node_modules/vercel/node_modules/@vercel/python-analysis zod@3.22.4 OK for: @vercel/python-analysis@0.14.0 want: 3.22.4
1257 silly fetch manifest argparse@^2.0.1
1258 silly packumentCache full:https://registry.npmjs.org/argparse cache-miss
1259 http fetch GET 200 https://registry.npmjs.org/argparse 88ms (cache miss)
1260 silly packumentCache full:https://registry.npmjs.org/argparse set size:undefined disposed:false
1261 silly fetch manifest @isaacs/brace-expansion@^5.0.0
1262 silly packumentCache full:https://registry.npmjs.org/@isaacs%2fbrace-expansion cache-miss
1263 http fetch GET 200 https://registry.npmjs.org/@isaacs%2fbrace-expansion 119ms (cache miss)
1264 silly packumentCache full:https://registry.npmjs.org/@isaacs%2fbrace-expansion set size:undefined disposed:false
1265 silly placeDep node_modules/vercel/node_modules/@vercel/redwood semver@6.3.1 OK for: @vercel/redwood@10.0.1 want: 6.3.1
1266 silly placeDep node_modules/vercel/node_modules/@vercel/remix-builder path-to-regexp@6.1.0 OK for: @vercel/remix-builder@13.0.1 want: 6.1.0
1267 silly placeDep node_modules/vercel/node_modules/@vercel/rust execa@5.1.1 OK for: @vercel/rust@9.0.1 want: 5
1268 silly placeDep node_modules/vercel @vercel/gatsby-plugin-vercel-analytics@1.0.12 OK for: @vercel/static-build@10.0.1 want: 1.0.12
1269 silly placeDep node_modules/vercel @vercel/gatsby-plugin-vercel-builder@2.2.57 OK for: @vercel/static-build@10.0.1 want: 2.2.57
1270 silly fetch manifest web-vitals@0.2.4
1271 silly packumentCache full:https://registry.npmjs.org/web-vitals cache-miss
1272 http fetch GET 200 https://registry.npmjs.org/web-vitals 130ms (cache miss)
1273 silly packumentCache full:https://registry.npmjs.org/web-vitals set size:undefined disposed:false
1274 silly fetch manifest @sinclair/typebox@0.25.24
1275 silly packumentCache full:https://registry.npmjs.org/@sinclair%2ftypebox cache-miss
1276 http fetch GET 200 https://registry.npmjs.org/@sinclair%2ftypebox 184ms (cache miss)
1277 silly packumentCache full:https://registry.npmjs.org/@sinclair%2ftypebox set size:undefined disposed:false
1278 silly placeDep node_modules/vercel web-vitals@0.2.4 OK for: @vercel/gatsby-plugin-vercel-analytics@1.0.12 want: 0.2.4
1279 silly placeDep node_modules/vercel @sinclair/typebox@0.25.24 OK for: @vercel/gatsby-plugin-vercel-builder@2.2.57 want: 0.25.24
1280 silly placeDep node_modules/vercel ajv@8.6.3 OK for: @vercel/static-config@3.4.3 want: 8.6.3
1281 silly placeDep node_modules/vercel json-schema-to-ts@1.6.4 OK for: @vercel/static-config@3.4.3 want: 1.6.4
1282 silly placeDep node_modules/vercel oxc-parser@0.121.0 OK for: @vercel/static-config@3.4.3 want: 0.121.0
1283 silly fetch manifest uri-js@^4.2.2
1284 silly packumentCache full:https://registry.npmjs.org/uri-js cache-miss
1285 http fetch GET 200 https://registry.npmjs.org/uri-js 66ms (cache miss)
1286 silly packumentCache full:https://registry.npmjs.org/uri-js set size:undefined disposed:false
1287 silly fetch manifest fast-deep-equal@^3.1.1
1288 silly packumentCache full:https://registry.npmjs.org/fast-deep-equal cache-miss
1289 http fetch GET 200 https://registry.npmjs.org/fast-deep-equal 73ms (cache miss)
1290 silly packumentCache full:https://registry.npmjs.org/fast-deep-equal set size:undefined disposed:false
1291 silly fetch manifest require-from-string@^2.0.2
1292 silly packumentCache full:https://registry.npmjs.org/require-from-string cache-miss
1293 http fetch GET 200 https://registry.npmjs.org/require-from-string 56ms (cache miss)
1294 silly packumentCache full:https://registry.npmjs.org/require-from-string set size:undefined disposed:false
1295 silly fetch manifest json-schema-traverse@^1.0.0
1296 silly packumentCache full:https://registry.npmjs.org/json-schema-traverse cache-miss
1297 http fetch GET 200 https://registry.npmjs.org/json-schema-traverse 94ms (cache miss)
1298 silly packumentCache full:https://registry.npmjs.org/json-schema-traverse set size:undefined disposed:false
1299 silly fetch manifest ts-toolbelt@^6.15.5
1300 silly packumentCache full:https://registry.npmjs.org/ts-toolbelt cache-miss
1301 http fetch GET 200 https://registry.npmjs.org/ts-toolbelt 557ms (cache miss)
1302 silly packumentCache full:https://registry.npmjs.org/ts-toolbelt set size:undefined disposed:false
1303 silly fetch manifest @types/json-schema@^7.0.6
1304 silly packumentCache full:https://registry.npmjs.org/@types%2fjson-schema cache-miss
1305 http fetch GET 200 https://registry.npmjs.org/@types%2fjson-schema 93ms (cache miss)
1306 silly packumentCache full:https://registry.npmjs.org/@types%2fjson-schema set size:undefined disposed:false
1307 silly fetch manifest @oxc-project/types@^0.121.0
1308 silly packumentCache full:https://registry.npmjs.org/@oxc-project%2ftypes cache-miss
1309 http cache https://registry.npmjs.org/@oxc-project%2ftypes 36ms (cache hit)
1310 silly packumentCache full:https://registry.npmjs.org/@oxc-project%2ftypes set size:258587 disposed:false
1311 silly fetch manifest @oxc-parser/binding-darwin-x64@0.121.0
1312 silly packumentCache full:https://registry.npmjs.org/@oxc-parser%2fbinding-darwin-x64 cache-miss
1313 http fetch GET 200 https://registry.npmjs.org/@oxc-parser%2fbinding-darwin-x64 92ms (cache miss)
1314 silly packumentCache full:https://registry.npmjs.org/@oxc-parser%2fbinding-darwin-x64 set size:undefined disposed:false
1315 silly fetch manifest @oxc-parser/binding-freebsd-x64@0.121.0
1316 silly packumentCache full:https://registry.npmjs.org/@oxc-parser%2fbinding-freebsd-x64 cache-miss
1317 http fetch GET 200 https://registry.npmjs.org/@oxc-parser%2fbinding-freebsd-x64 103ms (cache miss)
1318 silly packumentCache full:https://registry.npmjs.org/@oxc-parser%2fbinding-freebsd-x64 set size:undefined disposed:false
1319 silly fetch manifest @oxc-parser/binding-wasm32-wasi@0.121.0
1320 silly packumentCache full:https://registry.npmjs.org/@oxc-parser%2fbinding-wasm32-wasi cache-miss
1321 http fetch GET 200 https://registry.npmjs.org/@oxc-parser%2fbinding-wasm32-wasi 127ms (cache miss)
1322 silly packumentCache full:https://registry.npmjs.org/@oxc-parser%2fbinding-wasm32-wasi set size:undefined disposed:false
1323 silly fetch manifest @oxc-parser/binding-darwin-arm64@0.121.0
1324 silly packumentCache full:https://registry.npmjs.org/@oxc-parser%2fbinding-darwin-arm64 cache-miss
1325 http fetch GET 200 https://registry.npmjs.org/@oxc-parser%2fbinding-darwin-arm64 106ms (cache miss)
1326 silly packumentCache full:https://registry.npmjs.org/@oxc-parser%2fbinding-darwin-arm64 set size:undefined disposed:false
1327 silly fetch manifest @oxc-parser/binding-android-arm64@0.121.0
1328 silly packumentCache full:https://registry.npmjs.org/@oxc-parser%2fbinding-android-arm64 cache-miss
1329 http fetch GET 200 https://registry.npmjs.org/@oxc-parser%2fbinding-android-arm64 76ms (cache miss)
1330 silly packumentCache full:https://registry.npmjs.org/@oxc-parser%2fbinding-android-arm64 set size:undefined disposed:false
1331 silly fetch manifest @oxc-parser/binding-linux-x64-gnu@0.121.0
1332 silly packumentCache full:https://registry.npmjs.org/@oxc-parser%2fbinding-linux-x64-gnu cache-miss
1333 http fetch GET 200 https://registry.npmjs.org/@oxc-parser%2fbinding-linux-x64-gnu 107ms (cache miss)
1334 silly packumentCache full:https://registry.npmjs.org/@oxc-parser%2fbinding-linux-x64-gnu set size:undefined disposed:false
1335 silly fetch manifest @oxc-parser/binding-linux-x64-musl@0.121.0
1336 silly packumentCache full:https://registry.npmjs.org/@oxc-parser%2fbinding-linux-x64-musl cache-miss
1337 http fetch GET 200 https://registry.npmjs.org/@oxc-parser%2fbinding-linux-x64-musl 127ms (cache miss)
1338 silly packumentCache full:https://registry.npmjs.org/@oxc-parser%2fbinding-linux-x64-musl set size:undefined disposed:false
1339 silly fetch manifest @oxc-parser/binding-win32-x64-msvc@0.121.0
1340 silly packumentCache full:https://registry.npmjs.org/@oxc-parser%2fbinding-win32-x64-msvc cache-miss
1341 http fetch GET 200 https://registry.npmjs.org/@oxc-parser%2fbinding-win32-x64-msvc 110ms (cache miss)
1342 silly packumentCache full:https://registry.npmjs.org/@oxc-parser%2fbinding-win32-x64-msvc set size:undefined disposed:false
1343 silly fetch manifest @oxc-parser/binding-linux-arm64-gnu@0.121.0
1344 silly packumentCache full:https://registry.npmjs.org/@oxc-parser%2fbinding-linux-arm64-gnu cache-miss
1345 http fetch GET 200 https://registry.npmjs.org/@oxc-parser%2fbinding-linux-arm64-gnu 146ms (cache miss)
1346 silly packumentCache full:https://registry.npmjs.org/@oxc-parser%2fbinding-linux-arm64-gnu set size:undefined disposed:false
1347 silly fetch manifest @oxc-parser/binding-linux-ppc64-gnu@0.121.0
1348 silly packumentCache full:https://registry.npmjs.org/@oxc-parser%2fbinding-linux-ppc64-gnu cache-miss
1349 http fetch GET 200 https://registry.npmjs.org/@oxc-parser%2fbinding-linux-ppc64-gnu 96ms (cache miss)
1350 silly packumentCache full:https://registry.npmjs.org/@oxc-parser%2fbinding-linux-ppc64-gnu set size:undefined disposed:false
1351 silly fetch manifest @oxc-parser/binding-linux-s390x-gnu@0.121.0
1352 silly packumentCache full:https://registry.npmjs.org/@oxc-parser%2fbinding-linux-s390x-gnu cache-miss
1353 http fetch GET 200 https://registry.npmjs.org/@oxc-parser%2fbinding-linux-s390x-gnu 105ms (cache miss)
1354 silly packumentCache full:https://registry.npmjs.org/@oxc-parser%2fbinding-linux-s390x-gnu set size:undefined disposed:false
1355 silly fetch manifest @oxc-parser/binding-win32-ia32-msvc@0.121.0
1356 silly packumentCache full:https://registry.npmjs.org/@oxc-parser%2fbinding-win32-ia32-msvc cache-miss
1357 http fetch GET 200 https://registry.npmjs.org/@oxc-parser%2fbinding-win32-ia32-msvc 78ms (cache miss)
1358 silly packumentCache full:https://registry.npmjs.org/@oxc-parser%2fbinding-win32-ia32-msvc set size:undefined disposed:false
1359 silly fetch manifest @oxc-parser/binding-android-arm-eabi@0.121.0
1360 silly packumentCache full:https://registry.npmjs.org/@oxc-parser%2fbinding-android-arm-eabi cache-miss
1361 http fetch GET 200 https://registry.npmjs.org/@oxc-parser%2fbinding-android-arm-eabi 75ms (cache miss)
1362 silly packumentCache full:https://registry.npmjs.org/@oxc-parser%2fbinding-android-arm-eabi set size:undefined disposed:false
1363 silly fetch manifest @oxc-parser/binding-linux-arm64-musl@0.121.0
1364 silly packumentCache full:https://registry.npmjs.org/@oxc-parser%2fbinding-linux-arm64-musl cache-miss
1365 http fetch GET 200 https://registry.npmjs.org/@oxc-parser%2fbinding-linux-arm64-musl 111ms (cache miss)
1366 silly packumentCache full:https://registry.npmjs.org/@oxc-parser%2fbinding-linux-arm64-musl set size:undefined disposed:false
1367 silly fetch manifest @oxc-parser/binding-win32-arm64-msvc@0.121.0
1368 silly packumentCache full:https://registry.npmjs.org/@oxc-parser%2fbinding-win32-arm64-msvc cache-miss
1369 http fetch GET 200 https://registry.npmjs.org/@oxc-parser%2fbinding-win32-arm64-msvc 101ms (cache miss)
1370 silly packumentCache full:https://registry.npmjs.org/@oxc-parser%2fbinding-win32-arm64-msvc set size:undefined disposed:false
1371 silly fetch manifest @oxc-parser/binding-linux-riscv64-gnu@0.121.0
1372 silly packumentCache full:https://registry.npmjs.org/@oxc-parser%2fbinding-linux-riscv64-gnu cache-miss
1373 http fetch GET 200 https://registry.npmjs.org/@oxc-parser%2fbinding-linux-riscv64-gnu 104ms (cache miss)
1374 silly packumentCache full:https://registry.npmjs.org/@oxc-parser%2fbinding-linux-riscv64-gnu set size:undefined disposed:false
1375 silly fetch manifest @oxc-parser/binding-openharmony-arm64@0.121.0
1376 silly packumentCache full:https://registry.npmjs.org/@oxc-parser%2fbinding-openharmony-arm64 cache-miss
1377 http fetch GET 200 https://registry.npmjs.org/@oxc-parser%2fbinding-openharmony-arm64 103ms (cache miss)
1378 silly packumentCache full:https://registry.npmjs.org/@oxc-parser%2fbinding-openharmony-arm64 set size:undefined disposed:false
1379 silly fetch manifest @oxc-parser/binding-linux-riscv64-musl@0.121.0
1380 silly packumentCache full:https://registry.npmjs.org/@oxc-parser%2fbinding-linux-riscv64-musl cache-miss
1381 http fetch GET 200 https://registry.npmjs.org/@oxc-parser%2fbinding-linux-riscv64-musl 67ms (cache miss)
1382 silly packumentCache full:https://registry.npmjs.org/@oxc-parser%2fbinding-linux-riscv64-musl set size:undefined disposed:false
1383 silly fetch manifest @oxc-parser/binding-linux-arm-gnueabihf@0.121.0
1384 silly packumentCache full:https://registry.npmjs.org/@oxc-parser%2fbinding-linux-arm-gnueabihf cache-miss
1385 http fetch GET 200 https://registry.npmjs.org/@oxc-parser%2fbinding-linux-arm-gnueabihf 110ms (cache miss)
1386 silly packumentCache full:https://registry.npmjs.org/@oxc-parser%2fbinding-linux-arm-gnueabihf set size:undefined disposed:false
1387 silly fetch manifest @oxc-parser/binding-linux-arm-musleabihf@0.121.0
1388 silly packumentCache full:https://registry.npmjs.org/@oxc-parser%2fbinding-linux-arm-musleabihf cache-miss
1389 http fetch GET 200 https://registry.npmjs.org/@oxc-parser%2fbinding-linux-arm-musleabihf 72ms (cache miss)
1390 silly packumentCache full:https://registry.npmjs.org/@oxc-parser%2fbinding-linux-arm-musleabihf set size:undefined disposed:false
1391 silly placeDep node_modules/vercel fast-deep-equal@3.1.3 OK for: ajv@8.6.3 want: ^3.1.1
1392 silly placeDep node_modules/vercel json-schema-traverse@1.0.0 OK for: ajv@8.6.3 want: ^1.0.0
1393 silly placeDep node_modules/vercel require-from-string@2.0.2 OK for: ajv@8.6.3 want: ^2.0.2
1394 silly placeDep node_modules/vercel uri-js@4.4.1 OK for: ajv@8.6.3 want: ^4.2.2
1395 silly fetch manifest punycode@^2.1.0
1396 silly packumentCache full:https://registry.npmjs.org/punycode cache-miss
1397 http fetch GET 200 https://registry.npmjs.org/punycode 91ms (cache miss)
1398 silly packumentCache full:https://registry.npmjs.org/punycode set size:undefined disposed:false
1399 silly placeDep node_modules/vercel retry@0.13.1 OK for: async-retry@1.3.3 want: 0.13.1
1400 silly placeDep node_modules/vercel file-uri-to-path@1.0.0 OK for: bindings@1.5.0 want: 1.0.0
1401 silly placeDep node_modules/vercel readdirp@4.1.2 OK for: chokidar@4.0.0 want: ^4.0.1
1402 silly placeDep node_modules/vercel/node_modules/debug ms@2.1.2 OK for: debug@4.3.4 want: 2.1.2
1403 silly placeDep node_modules/vercel @edge-runtime/format@2.2.1 OK for: edge-runtime@2.5.9 want: 2.2.1
1404 silly placeDep node_modules/vercel @edge-runtime/ponyfill@2.4.2 OK for: edge-runtime@2.5.9 want: 2.4.2
1405 silly placeDep node_modules/vercel/node_modules/edge-runtime async-listen@3.0.1 OK for: edge-runtime@2.5.9 want: 3.0.1
1406 silly placeDep node_modules/vercel mri@1.2.0 OK for: edge-runtime@2.5.9 want: 1.2.0
1407 silly placeDep node_modules/vercel picocolors@1.0.0 OK for: edge-runtime@2.5.9 want: 1.0.0
1408 silly placeDep node_modules/vercel pretty-ms@7.0.1 OK for: edge-runtime@2.5.9 want: 7.0.1
1409 silly placeDep node_modules/vercel signal-exit@4.0.2 OK for: edge-runtime@2.5.9 want: 4.0.2
1410 silly placeDep node_modules/vercel time-span@4.0.0 OK for: edge-runtime@2.5.9 want: 4.0.0
1411 silly fetch manifest parse-ms@^2.1.0
1412 silly packumentCache full:https://registry.npmjs.org/parse-ms cache-miss
1413 http fetch GET 200 https://registry.npmjs.org/parse-ms 59ms (cache miss)
1414 silly packumentCache full:https://registry.npmjs.org/parse-ms set size:undefined disposed:false
1415 silly fetch manifest convert-hrtime@^3.0.0
1416 silly packumentCache full:https://registry.npmjs.org/convert-hrtime cache-miss
1417 http fetch GET 200 https://registry.npmjs.org/convert-hrtime 93ms (cache miss)
1418 silly packumentCache full:https://registry.npmjs.org/convert-hrtime set size:undefined disposed:false
1419 silly placeDep node_modules/vercel @esbuild/aix-ppc64@0.27.0 OK for: esbuild@0.27.0 want: 0.27.0
1420 silly placeDep node_modules/vercel @esbuild/android-arm@0.27.0 OK for: esbuild@0.27.0 want: 0.27.0
1421 silly placeDep node_modules/vercel @esbuild/android-arm64@0.27.0 OK for: esbuild@0.27.0 want: 0.27.0
1422 silly placeDep node_modules/vercel @esbuild/android-x64@0.27.0 OK for: esbuild@0.27.0 want: 0.27.0
1423 silly placeDep node_modules/vercel @esbuild/darwin-arm64@0.27.0 OK for: esbuild@0.27.0 want: 0.27.0
1424 silly placeDep node_modules/vercel @esbuild/darwin-x64@0.27.0 OK for: esbuild@0.27.0 want: 0.27.0
1425 silly placeDep node_modules/vercel @esbuild/freebsd-arm64@0.27.0 OK for: esbuild@0.27.0 want: 0.27.0
1426 silly placeDep node_modules/vercel @esbuild/freebsd-x64@0.27.0 OK for: esbuild@0.27.0 want: 0.27.0
1427 silly placeDep node_modules/vercel @esbuild/linux-arm@0.27.0 OK for: esbuild@0.27.0 want: 0.27.0
1428 silly placeDep node_modules/vercel @esbuild/linux-arm64@0.27.0 OK for: esbuild@0.27.0 want: 0.27.0
1429 silly placeDep node_modules/vercel @esbuild/linux-ia32@0.27.0 OK for: esbuild@0.27.0 want: 0.27.0
1430 silly placeDep node_modules/vercel @esbuild/linux-loong64@0.27.0 OK for: esbuild@0.27.0 want: 0.27.0
1431 silly placeDep node_modules/vercel @esbuild/linux-mips64el@0.27.0 OK for: esbuild@0.27.0 want: 0.27.0
1432 silly placeDep node_modules/vercel @esbuild/linux-ppc64@0.27.0 OK for: esbuild@0.27.0 want: 0.27.0
1433 silly placeDep node_modules/vercel @esbuild/linux-riscv64@0.27.0 OK for: esbuild@0.27.0 want: 0.27.0
1434 silly placeDep node_modules/vercel @esbuild/linux-s390x@0.27.0 OK for: esbuild@0.27.0 want: 0.27.0
1435 silly placeDep node_modules/vercel @esbuild/linux-x64@0.27.0 OK for: esbuild@0.27.0 want: 0.27.0
1436 silly placeDep node_modules/vercel @esbuild/netbsd-arm64@0.27.0 OK for: esbuild@0.27.0 want: 0.27.0
1437 silly placeDep node_modules/vercel @esbuild/netbsd-x64@0.27.0 OK for: esbuild@0.27.0 want: 0.27.0
1438 silly placeDep node_modules/vercel @esbuild/openbsd-arm64@0.27.0 OK for: esbuild@0.27.0 want: 0.27.0
1439 silly placeDep node_modules/vercel @esbuild/openbsd-x64@0.27.0 OK for: esbuild@0.27.0 want: 0.27.0
1440 silly placeDep node_modules/vercel @esbuild/openharmony-arm64@0.27.0 OK for: esbuild@0.27.0 want: 0.27.0
1441 silly placeDep node_modules/vercel @esbuild/sunos-x64@0.27.0 OK for: esbuild@0.27.0 want: 0.27.0
1442 silly placeDep node_modules/vercel @esbuild/win32-arm64@0.27.0 OK for: esbuild@0.27.0 want: 0.27.0
1443 silly placeDep node_modules/vercel @esbuild/win32-ia32@0.27.0 OK for: esbuild@0.27.0 want: 0.27.0
1444 silly placeDep node_modules/vercel @esbuild/win32-x64@0.27.0 OK for: esbuild@0.27.0 want: 0.27.0
1445 silly placeDep node_modules/vercel cross-spawn@7.0.6 OK for: execa@3.2.0 want: ^7.0.0
1446 silly placeDep node_modules/vercel get-stream@5.2.0 OK for: execa@3.2.0 want: ^5.0.0
1447 silly placeDep node_modules/vercel human-signals@1.1.1 OK for: execa@3.2.0 want: ^1.1.1
1448 silly placeDep node_modules/vercel is-stream@2.0.1 OK for: execa@3.2.0 want: ^2.0.0
1449 silly placeDep node_modules/vercel merge-stream@2.0.0 OK for: execa@3.2.0 want: ^2.0.0
1450 silly placeDep node_modules/vercel npm-run-path@4.0.1 OK for: execa@3.2.0 want: ^4.0.0
1451 silly placeDep node_modules/vercel onetime@5.1.2 OK for: execa@3.2.0 want: ^5.1.0
1452 silly placeDep node_modules/vercel p-finally@2.0.1 OK for: execa@3.2.0 want: ^2.0.0
1453 silly placeDep node_modules/vercel/node_modules/execa signal-exit@3.0.7 OK for: execa@3.2.0 want: ^3.0.2
1454 silly placeDep node_modules/vercel strip-final-newline@2.0.0 OK for: execa@3.2.0 want: ^2.0.0
1455 silly fetch manifest which@^2.0.1
1456 silly packumentCache full:https://registry.npmjs.org/which cache-miss
1457 http fetch GET 200 https://registry.npmjs.org/which 62ms (cache revalidated)
1458 silly packumentCache full:https://registry.npmjs.org/which set size:70147 disposed:false
1459 silly fetch manifest path-key@^3.1.0
1460 silly packumentCache full:https://registry.npmjs.org/path-key cache-miss
1461 http fetch GET 200 https://registry.npmjs.org/path-key 64ms (cache revalidated)
1462 silly packumentCache full:https://registry.npmjs.org/path-key set size:16975 disposed:false
1463 silly fetch manifest shebang-command@^2.0.0
1464 silly packumentCache full:https://registry.npmjs.org/shebang-command cache-miss
1465 http fetch GET 200 https://registry.npmjs.org/shebang-command 53ms (cache revalidated)
1466 silly packumentCache full:https://registry.npmjs.org/shebang-command set size:8525 disposed:false
1467 silly fetch manifest pump@^3.0.0
1468 silly packumentCache full:https://registry.npmjs.org/pump cache-miss
1469 http fetch GET 200 https://registry.npmjs.org/pump 62ms (cache miss)
1470 silly packumentCache full:https://registry.npmjs.org/pump set size:undefined disposed:false
1471 silly fetch manifest path-key@^3.0.0
1472 silly packumentCache full:https://registry.npmjs.org/path-key cache-hit
1473 silly fetch manifest mimic-fn@^2.1.0
1474 silly packumentCache full:https://registry.npmjs.org/mimic-fn cache-miss
1475 http fetch GET 200 https://registry.npmjs.org/mimic-fn 50ms (cache miss)
1476 silly packumentCache full:https://registry.npmjs.org/mimic-fn set size:undefined disposed:false
1477 silly placeDep node_modules/vercel path-key@3.1.1 OK for: cross-spawn@7.0.6 want: ^3.1.0
1478 silly placeDep node_modules/vercel shebang-command@2.0.0 OK for: cross-spawn@7.0.6 want: ^2.0.0
1479 silly placeDep node_modules/vercel which@2.0.2 OK for: cross-spawn@7.0.6 want: ^2.0.1
1480 silly fetch manifest shebang-regex@^3.0.0
1481 silly packumentCache full:https://registry.npmjs.org/shebang-regex cache-miss
1482 http fetch GET 200 https://registry.npmjs.org/shebang-regex 116ms (cache revalidated)
1483 silly packumentCache full:https://registry.npmjs.org/shebang-regex set size:9763 disposed:false
1484 silly fetch manifest isexe@^2.0.0
1485 silly packumentCache full:https://registry.npmjs.org/isexe cache-miss
1486 http fetch GET 200 https://registry.npmjs.org/isexe 59ms (cache revalidated)
1487 silly packumentCache full:https://registry.npmjs.org/isexe set size:31756 disposed:false
1488 silly placeDep node_modules/vercel jsonfile@6.2.1 OK for: fs-extra@11.1.0 want: ^6.0.1
1489 silly placeDep node_modules/vercel universalify@2.0.1 OK for: fs-extra@11.1.0 want: ^2.0.0
1490 silly placeDep node_modules/vercel pump@3.0.4 OK for: get-stream@5.2.0 want: ^3.0.0
1491 silly fetch manifest end-of-stream@^1.1.0
1492 silly packumentCache full:https://registry.npmjs.org/end-of-stream cache-miss
1493 http cache https://registry.npmjs.org/end-of-stream 11ms (cache hit)
1494 silly packumentCache full:https://registry.npmjs.org/end-of-stream set size:27842 disposed:false
1495 silly fetch manifest once@^1.3.1
1496 silly packumentCache full:https://registry.npmjs.org/once cache-miss
1497 http fetch GET 200 https://registry.npmjs.org/once 65ms (cache miss)
1498 silly packumentCache full:https://registry.npmjs.org/once set size:undefined disposed:false
1499 silly placeDep node_modules/vercel/node_modules/glob minimatch@10.2.6 OK for: glob@13.0.6 want: ^10.2.2
1500 silly placeDep node_modules/vercel minipass@7.1.3 OK for: glob@13.0.6 want: ^7.1.3
1501 silly placeDep node_modules/vercel path-scurry@2.0.2 OK for: glob@13.0.6 want: ^2.0.2
1502 silly fetch manifest brace-expansion@^5.0.8
1503 silly packumentCache full:https://registry.npmjs.org/brace-expansion cache-miss
1504 http fetch GET 200 https://registry.npmjs.org/brace-expansion 64ms (cache miss)
1505 silly packumentCache full:https://registry.npmjs.org/brace-expansion set size:undefined disposed:false
1506 silly fetch manifest lru-cache@^11.0.0
1507 silly packumentCache full:https://registry.npmjs.org/lru-cache cache-miss
1508 http cache https://registry.npmjs.org/lru-cache 33ms (cache hit)
1509 silly packumentCache full:https://registry.npmjs.org/lru-cache set size:465506 disposed:false
1510 silly placeDep node_modules/vercel agent-base@7.1.4 OK for: https-proxy-agent@7.0.6 want: ^7.1.2
1511 silly placeDep node_modules/vercel argparse@2.0.1 OK for: js-yaml@4.1.1 want: ^2.0.1
1512 silly placeDep node_modules/vercel @types/json-schema@7.0.15 OK for: json-schema-to-ts@1.6.4 want: ^7.0.6
1513 silly placeDep node_modules/vercel ts-toolbelt@6.15.5 OK for: json-schema-to-ts@1.6.4 want: ^6.15.5
1514 silly placeDep node_modules/vercel arg@4.1.0 OK for: micro@9.3.5-canary.3 want: 4.1.0
1515 silly placeDep node_modules/vercel content-type@1.0.4 OK for: micro@9.3.5-canary.3 want: 1.0.4
1516 silly placeDep node_modules/vercel raw-body@2.4.1 OK for: micro@9.3.5-canary.3 want: 2.4.1
1517 silly fetch manifest bytes@3.1.0
1518 silly packumentCache full:https://registry.npmjs.org/bytes cache-miss
1519 http fetch GET 200 https://registry.npmjs.org/bytes 76ms (cache miss)
1520 silly packumentCache full:https://registry.npmjs.org/bytes set size:undefined disposed:false
1521 silly fetch manifest unpipe@1.0.0
1522 silly packumentCache full:https://registry.npmjs.org/unpipe cache-miss
1523 http fetch GET 200 https://registry.npmjs.org/unpipe 52ms (cache miss)
1524 silly packumentCache full:https://registry.npmjs.org/unpipe set size:undefined disposed:false
1525 silly fetch manifest iconv-lite@0.4.24
1526 silly packumentCache full:https://registry.npmjs.org/iconv-lite cache-miss
1527 http fetch GET 200 https://registry.npmjs.org/iconv-lite 76ms (cache miss)
1528 silly packumentCache full:https://registry.npmjs.org/iconv-lite set size:undefined disposed:false
1529 silly fetch manifest http-errors@1.7.3
1530 silly packumentCache full:https://registry.npmjs.org/http-errors cache-miss
1531 http fetch GET 200 https://registry.npmjs.org/http-errors 59ms (cache miss)
1532 silly packumentCache full:https://registry.npmjs.org/http-errors set size:undefined disposed:false
1533 silly placeDep node_modules/vercel mime-db@1.52.0 OK for: mime-types@2.1.35 want: 1.52.0
1534 silly placeDep node_modules/vercel @isaacs/brace-expansion@5.0.1 OK for: minimatch@10.1.1 want: ^5.0.0
1535 silly fetch manifest @isaacs/balanced-match@^4.0.1
1536 silly packumentCache full:https://registry.npmjs.org/@isaacs%2fbalanced-match cache-miss
1537 http fetch GET 200 https://registry.npmjs.org/@isaacs%2fbalanced-match 82ms (cache miss)
1538 silly packumentCache full:https://registry.npmjs.org/@isaacs%2fbalanced-match set size:undefined disposed:false
1539 silly placeDep node_modules/vercel @isaacs/balanced-match@4.0.1 OK for: @isaacs/brace-expansion@5.0.1 want: ^4.0.1
1540 silly placeDep node_modules/vercel whatwg-url@5.0.0 OK for: node-fetch@2.6.7 want: ^5.0.0
1541 silly fetch manifest tr46@~0.0.3
1542 silly packumentCache full:https://registry.npmjs.org/tr46 cache-miss
1543 http fetch GET 200 https://registry.npmjs.org/tr46 67ms (cache miss)
1544 silly packumentCache full:https://registry.npmjs.org/tr46 set size:undefined disposed:false
1545 silly fetch manifest webidl-conversions@^3.0.0
1546 silly packumentCache full:https://registry.npmjs.org/webidl-conversions cache-miss
1547 http fetch GET 200 https://registry.npmjs.org/webidl-conversions 66ms (cache miss)
1548 silly packumentCache full:https://registry.npmjs.org/webidl-conversions set size:undefined disposed:false
1549 silly placeDep node_modules/vercel abbrev@3.0.1 OK for: nopt@8.1.0 want: ^3.0.0
1550 silly placeDep node_modules/vercel mimic-fn@2.1.0 OK for: onetime@5.1.2 want: ^2.1.0
1551 silly placeDep node_modules/vercel define-lazy-prop@2.0.0 OK for: open@8.4.0 want: ^2.0.0
1552 silly placeDep node_modules/vercel is-docker@2.2.1 OK for: open@8.4.0 want: ^2.1.1
1553 silly placeDep node_modules/vercel is-wsl@2.2.0 OK for: open@8.4.0 want: ^2.2.0
1554 silly placeDep node_modules/vercel @oxc-parser/binding-android-arm-eabi@0.121.0 OK for: oxc-parser@0.121.0 want: 0.121.0
1555 silly placeDep node_modules/vercel @oxc-parser/binding-android-arm64@0.121.0 OK for: oxc-parser@0.121.0 want: 0.121.0
1556 silly placeDep node_modules/vercel @oxc-parser/binding-darwin-arm64@0.121.0 OK for: oxc-parser@0.121.0 want: 0.121.0
1557 silly placeDep node_modules/vercel @oxc-parser/binding-darwin-x64@0.121.0 OK for: oxc-parser@0.121.0 want: 0.121.0
1558 silly placeDep node_modules/vercel @oxc-parser/binding-freebsd-x64@0.121.0 OK for: oxc-parser@0.121.0 want: 0.121.0
1559 silly placeDep node_modules/vercel @oxc-parser/binding-linux-arm-gnueabihf@0.121.0 OK for: oxc-parser@0.121.0 want: 0.121.0
1560 silly placeDep node_modules/vercel @oxc-parser/binding-linux-arm-musleabihf@0.121.0 OK for: oxc-parser@0.121.0 want: 0.121.0
1561 silly placeDep node_modules/vercel @oxc-parser/binding-linux-arm64-gnu@0.121.0 OK for: oxc-parser@0.121.0 want: 0.121.0
1562 silly placeDep node_modules/vercel @oxc-parser/binding-linux-arm64-musl@0.121.0 OK for: oxc-parser@0.121.0 want: 0.121.0
1563 silly placeDep node_modules/vercel @oxc-parser/binding-linux-ppc64-gnu@0.121.0 OK for: oxc-parser@0.121.0 want: 0.121.0
1564 silly placeDep node_modules/vercel @oxc-parser/binding-linux-riscv64-gnu@0.121.0 OK for: oxc-parser@0.121.0 want: 0.121.0
1565 silly placeDep node_modules/vercel @oxc-parser/binding-linux-riscv64-musl@0.121.0 OK for: oxc-parser@0.121.0 want: 0.121.0
1566 silly placeDep node_modules/vercel @oxc-parser/binding-linux-s390x-gnu@0.121.0 OK for: oxc-parser@0.121.0 want: 0.121.0
1567 silly placeDep node_modules/vercel @oxc-parser/binding-linux-x64-gnu@0.121.0 OK for: oxc-parser@0.121.0 want: 0.121.0
1568 silly placeDep node_modules/vercel @oxc-parser/binding-linux-x64-musl@0.121.0 OK for: oxc-parser@0.121.0 want: 0.121.0
1569 silly placeDep node_modules/vercel @oxc-parser/binding-openharmony-arm64@0.121.0 OK for: oxc-parser@0.121.0 want: 0.121.0
1570 silly placeDep node_modules/vercel @oxc-parser/binding-wasm32-wasi@0.121.0 OK for: oxc-parser@0.121.0 want: 0.121.0
1571 silly placeDep node_modules/vercel @oxc-parser/binding-win32-arm64-msvc@0.121.0 OK for: oxc-parser@0.121.0 want: 0.121.0
1572 silly placeDep node_modules/vercel @oxc-parser/binding-win32-ia32-msvc@0.121.0 OK for: oxc-parser@0.121.0 want: 0.121.0
1573 silly placeDep node_modules/vercel @oxc-parser/binding-win32-x64-msvc@0.121.0 OK for: oxc-parser@0.121.0 want: 0.121.0
1574 silly placeDep node_modules/vercel @oxc-project/types@0.121.0 OK for: oxc-parser@0.121.0 want: ^0.121.0
1575 silly fetch manifest @napi-rs/wasm-runtime@^1.1.1
1576 silly packumentCache full:https://registry.npmjs.org/@napi-rs%2fwasm-runtime cache-miss
1577 http fetch GET 200 https://registry.npmjs.org/@napi-rs%2fwasm-runtime 69ms (cache miss)
1578 silly packumentCache full:https://registry.npmjs.org/@napi-rs%2fwasm-runtime set size:undefined disposed:false
1579 silly fetch manifest @emnapi/core@^1.7.1 || ^2.0.0-alpha.4
1580 silly packumentCache full:https://registry.npmjs.org/@emnapi%2fcore cache-miss
1581 http fetch GET 200 https://registry.npmjs.org/@emnapi%2fcore 136ms (cache miss)
1582 silly packumentCache full:https://registry.npmjs.org/@emnapi%2fcore set size:undefined disposed:false
1583 silly fetch manifest @emnapi/runtime@^1.7.1 || ^2.0.0-alpha.4
1584 silly packumentCache full:https://registry.npmjs.org/@emnapi%2fruntime cache-miss
1585 http fetch GET 200 https://registry.npmjs.org/@emnapi%2fruntime 65ms (cache miss)
1586 silly packumentCache full:https://registry.npmjs.org/@emnapi%2fruntime set size:undefined disposed:false
1587 silly placeDep node_modules/vercel @napi-rs/wasm-runtime@1.2.4 OK for: @oxc-parser/binding-wasm32-wasi@0.121.0 want: ^1.1.1
1588 silly placeDep node_modules/vercel @emnapi/core@1.11.3 OK for: @napi-rs/wasm-runtime@1.2.4 want: ^1.7.1 || ^2.0.0-alpha.4
1589 silly placeDep node_modules/vercel @emnapi/runtime@1.11.3 OK for: @napi-rs/wasm-runtime@1.2.4 want: ^1.7.1 || ^2.0.0-alpha.4
1590 silly fetch manifest @tybys/wasm-util@^0.10.3
1591 silly packumentCache full:https://registry.npmjs.org/@tybys%2fwasm-util cache-miss
1592 http fetch GET 200 https://registry.npmjs.org/@tybys%2fwasm-util 81ms (cache miss)
1593 silly packumentCache full:https://registry.npmjs.org/@tybys%2fwasm-util set size:undefined disposed:false
1594 silly fetch manifest tslib@^2.4.0
1595 silly packumentCache full:https://registry.npmjs.org/tslib cache-miss
1596 http fetch GET 200 https://registry.npmjs.org/tslib 82ms (cache miss)
1597 silly packumentCache full:https://registry.npmjs.org/tslib set size:undefined disposed:false
1598 silly fetch manifest @emnapi/wasi-threads@1.2.3
1599 silly packumentCache full:https://registry.npmjs.org/@emnapi%2fwasi-threads cache-miss
1600 http fetch GET 200 https://registry.npmjs.org/@emnapi%2fwasi-threads 109ms (cache miss)
1601 silly packumentCache full:https://registry.npmjs.org/@emnapi%2fwasi-threads set size:undefined disposed:false
1602 silly placeDep node_modules/vercel @emnapi/wasi-threads@1.2.3 OK for: @emnapi/core@1.11.3 want: 1.2.3
1603 silly placeDep node_modules/vercel tslib@2.8.1 OK for: @emnapi/core@1.11.3 want: ^2.4.0
1604 silly placeDep node_modules/vercel @tybys/wasm-util@0.10.4 OK for: @napi-rs/wasm-runtime@1.2.4 want: ^0.10.3
1605 silly placeDep node_modules/vercel @oxc-transform/binding-android-arm-eabi@0.111.0 OK for: oxc-transform@0.111.0 want: 0.111.0
1606 silly placeDep node_modules/vercel @oxc-transform/binding-android-arm64@0.111.0 OK for: oxc-transform@0.111.0 want: 0.111.0
1607 silly placeDep node_modules/vercel @oxc-transform/binding-darwin-arm64@0.111.0 OK for: oxc-transform@0.111.0 want: 0.111.0
1608 silly placeDep node_modules/vercel @oxc-transform/binding-darwin-x64@0.111.0 OK for: oxc-transform@0.111.0 want: 0.111.0
1609 silly placeDep node_modules/vercel @oxc-transform/binding-freebsd-x64@0.111.0 OK for: oxc-transform@0.111.0 want: 0.111.0
1610 silly placeDep node_modules/vercel @oxc-transform/binding-linux-arm-gnueabihf@0.111.0 OK for: oxc-transform@0.111.0 want: 0.111.0
1611 silly placeDep node_modules/vercel @oxc-transform/binding-linux-arm-musleabihf@0.111.0 OK for: oxc-transform@0.111.0 want: 0.111.0
1612 silly placeDep node_modules/vercel @oxc-transform/binding-linux-arm64-gnu@0.111.0 OK for: oxc-transform@0.111.0 want: 0.111.0
1613 silly placeDep node_modules/vercel @oxc-transform/binding-linux-arm64-musl@0.111.0 OK for: oxc-transform@0.111.0 want: 0.111.0
1614 silly placeDep node_modules/vercel @oxc-transform/binding-linux-ppc64-gnu@0.111.0 OK for: oxc-transform@0.111.0 want: 0.111.0
1615 silly placeDep node_modules/vercel @oxc-transform/binding-linux-riscv64-gnu@0.111.0 OK for: oxc-transform@0.111.0 want: 0.111.0
1616 silly placeDep node_modules/vercel @oxc-transform/binding-linux-riscv64-musl@0.111.0 OK for: oxc-transform@0.111.0 want: 0.111.0
1617 silly placeDep node_modules/vercel @oxc-transform/binding-linux-s390x-gnu@0.111.0 OK for: oxc-transform@0.111.0 want: 0.111.0
1618 silly placeDep node_modules/vercel @oxc-transform/binding-linux-x64-gnu@0.111.0 OK for: oxc-transform@0.111.0 want: 0.111.0
1619 silly placeDep node_modules/vercel @oxc-transform/binding-linux-x64-musl@0.111.0 OK for: oxc-transform@0.111.0 want: 0.111.0
1620 silly placeDep node_modules/vercel @oxc-transform/binding-openharmony-arm64@0.111.0 OK for: oxc-transform@0.111.0 want: 0.111.0
1621 silly placeDep node_modules/vercel @oxc-transform/binding-wasm32-wasi@0.111.0 OK for: oxc-transform@0.111.0 want: 0.111.0
1622 silly placeDep node_modules/vercel @oxc-transform/binding-win32-arm64-msvc@0.111.0 OK for: oxc-transform@0.111.0 want: 0.111.0
1623 silly placeDep node_modules/vercel @oxc-transform/binding-win32-ia32-msvc@0.111.0 OK for: oxc-transform@0.111.0 want: 0.111.0
1624 silly placeDep node_modules/vercel @oxc-transform/binding-win32-x64-msvc@0.111.0 OK for: oxc-transform@0.111.0 want: 0.111.0
1625 silly placeDep node_modules/vercel lru-cache@11.5.3 OK for: path-scurry@2.0.2 want: ^11.0.0
1626 silly placeDep node_modules/vercel parse-ms@2.1.0 OK for: pretty-ms@7.0.1 want: ^2.1.0
1627 silly placeDep node_modules/vercel end-of-stream@1.4.5 OK for: pump@3.0.4 want: ^1.1.0
1628 silly placeDep node_modules/vercel once@1.4.0 OK for: pump@3.0.4 want: ^1.3.1
1629 silly fetch manifest once@^1.4.0
1630 silly packumentCache full:https://registry.npmjs.org/once cache-miss
1631 http cache https://registry.npmjs.org/once 22ms (cache hit)
1632 silly packumentCache full:https://registry.npmjs.org/once set size:11752 disposed:false
1633 silly fetch manifest wrappy@1
1634 silly packumentCache full:https://registry.npmjs.org/wrappy cache-miss
1635 http fetch GET 200 https://registry.npmjs.org/wrappy 54ms (cache miss)
1636 silly packumentCache full:https://registry.npmjs.org/wrappy set size:undefined disposed:false
1637 silly placeDep node_modules/vercel wrappy@1.0.2 OK for: once@1.4.0 want: 1
1638 silly placeDep node_modules/vercel bytes@3.1.0 OK for: raw-body@2.4.1 want: 3.1.0
1639 silly placeDep node_modules/vercel http-errors@1.7.3 OK for: raw-body@2.4.1 want: 1.7.3
1640 silly placeDep node_modules/vercel iconv-lite@0.4.24 OK for: raw-body@2.4.1 want: 0.4.24
1641 silly placeDep node_modules/vercel unpipe@1.0.0 OK for: raw-body@2.4.1 want: 1.0.0
1642 silly fetch manifest depd@~1.1.2
1643 silly packumentCache full:https://registry.npmjs.org/depd cache-miss
1644 http fetch GET 200 https://registry.npmjs.org/depd 65ms (cache miss)
1645 silly packumentCache full:https://registry.npmjs.org/depd set size:undefined disposed:false
1646 silly fetch manifest inherits@2.0.4
1647 silly packumentCache full:https://registry.npmjs.org/inherits cache-miss
1648 http fetch GET 200 https://registry.npmjs.org/inherits 55ms (cache miss)
1649 silly packumentCache full:https://registry.npmjs.org/inherits set size:undefined disposed:false
1650 silly fetch manifest statuses@>= 1.5.0 < 2
1651 silly packumentCache full:https://registry.npmjs.org/statuses cache-miss
1652 http fetch GET 200 https://registry.npmjs.org/statuses 124ms (cache miss)
1653 silly packumentCache full:https://registry.npmjs.org/statuses set size:undefined disposed:false
1654 silly fetch manifest toidentifier@1.0.0
1655 silly packumentCache full:https://registry.npmjs.org/toidentifier cache-miss
1656 http fetch GET 200 https://registry.npmjs.org/toidentifier 61ms (cache miss)
1657 silly packumentCache full:https://registry.npmjs.org/toidentifier set size:undefined disposed:false
1658 silly fetch manifest setprototypeof@1.1.1
1659 silly packumentCache full:https://registry.npmjs.org/setprototypeof cache-miss
1660 http fetch GET 200 https://registry.npmjs.org/setprototypeof 68ms (cache miss)
1661 silly packumentCache full:https://registry.npmjs.org/setprototypeof set size:undefined disposed:false
1662 silly fetch manifest safer-buffer@>= 2.1.2 < 3
1663 silly packumentCache full:https://registry.npmjs.org/safer-buffer cache-miss
1664 http fetch GET 200 https://registry.npmjs.org/safer-buffer 53ms (cache miss)
1665 silly packumentCache full:https://registry.npmjs.org/safer-buffer set size:undefined disposed:false
1666 silly placeDep node_modules/vercel depd@1.1.2 OK for: http-errors@1.7.3 want: ~1.1.2
1667 silly placeDep node_modules/vercel inherits@2.0.4 OK for: http-errors@1.7.3 want: 2.0.4
1668 silly placeDep node_modules/vercel setprototypeof@1.1.1 OK for: http-errors@1.7.3 want: 1.1.1
1669 silly placeDep node_modules/vercel statuses@1.5.0 OK for: http-errors@1.7.3 want: >= 1.5.0 < 2
1670 silly placeDep node_modules/vercel toidentifier@1.0.0 OK for: http-errors@1.7.3 want: 1.0.0
1671 silly placeDep node_modules/vercel safer-buffer@2.1.2 OK for: iconv-lite@0.4.24 want: >= 2.1.2 < 3
1672 silly placeDep node_modules/vercel/node_modules/rolldown @oxc-project/types@0.110.0 OK for: rolldown@1.0.0-rc.1 want: =0.110.0
1673 silly placeDep node_modules/vercel @rolldown/binding-android-arm64@1.0.0-rc.1 OK for: rolldown@1.0.0-rc.1 want: 1.0.0-rc.1
1674 silly placeDep node_modules/vercel @rolldown/binding-darwin-arm64@1.0.0-rc.1 OK for: rolldown@1.0.0-rc.1 want: 1.0.0-rc.1
1675 silly placeDep node_modules/vercel @rolldown/binding-darwin-x64@1.0.0-rc.1 OK for: rolldown@1.0.0-rc.1 want: 1.0.0-rc.1
1676 silly placeDep node_modules/vercel @rolldown/binding-freebsd-x64@1.0.0-rc.1 OK for: rolldown@1.0.0-rc.1 want: 1.0.0-rc.1
1677 silly placeDep node_modules/vercel @rolldown/binding-linux-arm-gnueabihf@1.0.0-rc.1 OK for: rolldown@1.0.0-rc.1 want: 1.0.0-rc.1
1678 silly placeDep node_modules/vercel @rolldown/binding-linux-arm64-gnu@1.0.0-rc.1 OK for: rolldown@1.0.0-rc.1 want: 1.0.0-rc.1
1679 silly placeDep node_modules/vercel @rolldown/binding-linux-arm64-musl@1.0.0-rc.1 OK for: rolldown@1.0.0-rc.1 want: 1.0.0-rc.1
1680 silly placeDep node_modules/vercel @rolldown/binding-linux-x64-gnu@1.0.0-rc.1 OK for: rolldown@1.0.0-rc.1 want: 1.0.0-rc.1
1681 silly placeDep node_modules/vercel @rolldown/binding-linux-x64-musl@1.0.0-rc.1 OK for: rolldown@1.0.0-rc.1 want: 1.0.0-rc.1
1682 silly placeDep node_modules/vercel @rolldown/binding-openharmony-arm64@1.0.0-rc.1 OK for: rolldown@1.0.0-rc.1 want: 1.0.0-rc.1
1683 silly placeDep node_modules/vercel @rolldown/binding-wasm32-wasi@1.0.0-rc.1 OK for: rolldown@1.0.0-rc.1 want: 1.0.0-rc.1
1684 silly placeDep node_modules/vercel @rolldown/binding-win32-arm64-msvc@1.0.0-rc.1 OK for: rolldown@1.0.0-rc.1 want: 1.0.0-rc.1
1685 silly placeDep node_modules/vercel @rolldown/binding-win32-x64-msvc@1.0.0-rc.1 OK for: rolldown@1.0.0-rc.1 want: 1.0.0-rc.1
1686 silly placeDep node_modules/vercel @rolldown/pluginutils@1.0.0-rc.1 OK for: rolldown@1.0.0-rc.1 want: 1.0.0-rc.1
1687 silly fetch manifest bufferutil@^4.0.1
1688 silly packumentCache full:https://registry.npmjs.org/bufferutil cache-miss
1689 http fetch GET 200 https://registry.npmjs.org/bufferutil 64ms (cache revalidated)
1690 silly packumentCache full:https://registry.npmjs.org/bufferutil set size:52668 disposed:false
1691 silly fetch manifest utf-8-validate@>=5.0.2
1692 silly packumentCache full:https://registry.npmjs.org/utf-8-validate cache-miss
1693 http fetch GET 200 https://registry.npmjs.org/utf-8-validate 60ms (cache revalidated)
1694 silly packumentCache full:https://registry.npmjs.org/utf-8-validate set size:77012 disposed:false
1695 silly placeDep node_modules/vercel @vercel/sandbox@3.1.0 OK for: sandbox@4.1.0 want: 3.1.0
1696 silly placeDep node_modules/vercel/node_modules/sandbox debug@4.4.3 OK for: sandbox@4.1.0 want: ^4.4.1
1697 silly placeDep node_modules/vercel ws@8.21.3 OK for: sandbox@4.1.0 want: ^8.21.0
1698 silly fetch manifest ms@2.1.3
1699 silly packumentCache full:https://registry.npmjs.org/ms cache-hit
1700 silly fetch manifest jose@6.2.3
1701 silly packumentCache full:https://registry.npmjs.org/jose cache-miss
1702 http cache https://registry.npmjs.org/jose 19ms (cache hit)
1703 silly packumentCache full:https://registry.npmjs.org/jose set size:1460156 disposed:false
1704 silly fetch manifest undici@^7.27.1
1705 silly packumentCache full:https://registry.npmjs.org/undici cache-miss
1706 http cache https://registry.npmjs.org/undici 162ms (cache hit)
1707 silly packumentCache full:https://registry.npmjs.org/undici set size:1565535 disposed:false
1708 silly fetch manifest jsonlines@0.1.1
1709 silly packumentCache full:https://registry.npmjs.org/jsonlines cache-miss
1710 http fetch GET 200 https://registry.npmjs.org/jsonlines 74ms (cache miss)
1711 silly packumentCache full:https://registry.npmjs.org/jsonlines set size:undefined disposed:false
1712 silly fetch manifest lru-cache@^10.4.3
1713 silly packumentCache full:https://registry.npmjs.org/lru-cache cache-hit
1714 silly fetch manifest picocolors@^1.1.1
1715 silly packumentCache full:https://registry.npmjs.org/picocolors cache-miss
1716 http cache https://registry.npmjs.org/picocolors 33ms (cache hit)
1717 silly packumentCache full:https://registry.npmjs.org/picocolors set size:16648 disposed:false
1718 silly fetch manifest tar-stream@3.1.7
1719 silly packumentCache full:https://registry.npmjs.org/tar-stream cache-miss
1720 http fetch GET 200 https://registry.npmjs.org/tar-stream 66ms (cache miss)
1721 silly packumentCache full:https://registry.npmjs.org/tar-stream set size:undefined disposed:false
1722 silly fetch manifest @vercel/oidc@3.2.0
1723 silly packumentCache full:https://registry.npmjs.org/@vercel%2foidc cache-miss
1724 http cache https://registry.npmjs.org/@vercel%2foidc 40ms (cache hit)
1725 silly packumentCache full:https://registry.npmjs.org/@vercel%2foidc set size:104271 disposed:false
1726 silly fetch manifest @workflow/serde@4.1.0-beta.2
1727 silly packumentCache full:https://registry.npmjs.org/@workflow%2fserde cache-miss
1728 http fetch GET 200 https://registry.npmjs.org/@workflow%2fserde 107ms (cache miss)
1729 silly packumentCache full:https://registry.npmjs.org/@workflow%2fserde set size:undefined disposed:false
1730 silly fetch manifest ms@^2.1.3
1731 silly packumentCache full:https://registry.npmjs.org/ms cache-hit
1732 silly placeDep node_modules/vercel/node_modules/@vercel/sandbox @vercel/oidc@3.2.0 OK for: @vercel/sandbox@3.1.0 want: 3.2.0
1733 silly placeDep node_modules/vercel @workflow/serde@4.1.0-beta.2 OK for: @vercel/sandbox@3.1.0 want: 4.1.0-beta.2
1734 silly placeDep node_modules/vercel/node_modules/@vercel/sandbox jose@6.2.3 OK for: @vercel/sandbox@3.1.0 want: 6.2.3
1735 silly placeDep node_modules/vercel jsonlines@0.1.1 OK for: @vercel/sandbox@3.1.0 want: 0.1.1
1736 silly placeDep node_modules/vercel/node_modules/@vercel/sandbox lru-cache@10.4.3 OK for: @vercel/sandbox@3.1.0 want: ^10.4.3
1737 silly placeDep node_modules/vercel/node_modules/@vercel/sandbox ms@2.1.3 OK for: @vercel/sandbox@3.1.0 want: 2.1.3
1738 silly placeDep node_modules/vercel/node_modules/@vercel/sandbox picocolors@1.1.1 OK for: @vercel/sandbox@3.1.0 want: ^1.1.1
1739 silly placeDep node_modules/vercel tar-stream@3.1.7 OK for: @vercel/sandbox@3.1.0 want: 3.1.7
1740 silly placeDep node_modules/vercel/node_modules/@vercel/sandbox undici@7.29.1 OK for: @vercel/sandbox@3.1.0 want: ^7.27.1
1741 silly placeDep node_modules/vercel/node_modules/@vercel/sandbox xdg-app-paths@5.1.0 OK for: @vercel/sandbox@3.1.0 want: 5.1.0
1742 silly fetch manifest b4a@^1.6.4
1743 silly packumentCache full:https://registry.npmjs.org/b4a cache-miss
1744 http fetch GET 200 https://registry.npmjs.org/b4a 80ms (cache miss)
1745 silly packumentCache full:https://registry.npmjs.org/b4a set size:undefined disposed:false
1746 silly fetch manifest streamx@^2.15.0
1747 silly packumentCache full:https://registry.npmjs.org/streamx cache-miss
1748 http fetch GET 200 https://registry.npmjs.org/streamx 84ms (cache miss)
1749 silly packumentCache full:https://registry.npmjs.org/streamx set size:undefined disposed:false
1750 silly fetch manifest fast-fifo@^1.2.0
1751 silly packumentCache full:https://registry.npmjs.org/fast-fifo cache-miss
1752 http fetch GET 200 https://registry.npmjs.org/fast-fifo 51ms (cache miss)
1753 silly packumentCache full:https://registry.npmjs.org/fast-fifo set size:undefined disposed:false
1754 silly placeDep node_modules/vercel/node_modules/semver lru-cache@6.0.0 OK for: semver@7.5.4 want: ^6.0.0
1755 silly fetch manifest yallist@^4.0.0
1756 silly packumentCache full:https://registry.npmjs.org/yallist cache-miss
1757 http cache https://registry.npmjs.org/yallist 35ms (cache hit)
1758 silly packumentCache full:https://registry.npmjs.org/yallist set size:34610 disposed:false
1759 silly placeDep node_modules/vercel shebang-regex@3.0.0 OK for: shebang-command@2.0.0 want: ^3.0.0
1760 silly placeDep node_modules/vercel any-promise@1.3.0 OK for: stream-to-promise@2.2.0 want: ~1.3.0
1761 silly placeDep node_modules/vercel/node_modules/stream-to-promise end-of-stream@1.1.0 OK for: stream-to-promise@2.2.0 want: ~1.1.0
1762 silly placeDep node_modules/vercel stream-to-array@2.3.0 OK for: stream-to-promise@2.2.0 want: ~2.3.0
1763 silly fetch manifest once@~1.3.0
1764 silly packumentCache full:https://registry.npmjs.org/once cache-hit
1765 silly placeDep node_modules/vercel @isaacs/fs-minipass@4.0.1 OK for: tar@7.5.11 want: ^4.0.0
1766 silly placeDep node_modules/vercel chownr@3.0.0 OK for: tar@7.5.11 want: ^3.0.0
1767 silly placeDep node_modules/vercel minizlib@3.1.0 OK for: tar@7.5.11 want: ^3.1.0
1768 silly placeDep node_modules/vercel yallist@5.0.0 OK for: tar@7.5.11 want: ^5.0.0
1769 silly fetch manifest react-native-b4a@*
1770 silly packumentCache full:https://registry.npmjs.org/react-native-b4a cache-miss
1771 http fetch GET 200 https://registry.npmjs.org/react-native-b4a 60ms (cache miss)
1772 silly packumentCache full:https://registry.npmjs.org/react-native-b4a set size:undefined disposed:false
1773 silly fetch manifest react@*
1774 silly packumentCache full:https://registry.npmjs.org/react cache-miss
1775 http fetch GET 200 https://registry.npmjs.org/react 149ms (cache revalidated)
1776 silly packumentCache full:https://registry.npmjs.org/react set size:6997055 disposed:false
1777 silly fetch manifest react-native@*
1778 silly packumentCache full:https://registry.npmjs.org/react-native cache-miss
1779 http fetch GET 200 https://registry.npmjs.org/react-native 690ms (cache miss)
1780 silly packumentCache full:https://registry.npmjs.org/react-native set size:undefined disposed:false
1781 silly fetch manifest @types/react@^19.1.1
1782 silly packumentCache full:https://registry.npmjs.org/@types%2freact cache-miss
1783 http fetch GET 200 https://registry.npmjs.org/@types%2freact 263ms (cache miss)
1784 silly packumentCache full:https://registry.npmjs.org/@types%2freact set size:undefined disposed:false
1785 silly placeDep node_modules/vercel b4a@1.9.0 OK for: tar-stream@3.1.7 want: ^1.6.4
1786 silly placeDep node_modules/vercel fast-fifo@1.3.2 OK for: tar-stream@3.1.7 want: ^1.2.0
1787 silly placeDep node_modules/vercel streamx@2.28.1 OK for: tar-stream@3.1.7 want: ^2.15.0
1788 silly fetch manifest text-decoder@^1.1.0
1789 silly packumentCache full:https://registry.npmjs.org/text-decoder cache-miss
1790 http fetch GET 200 https://registry.npmjs.org/text-decoder 65ms (cache miss)
1791 silly packumentCache full:https://registry.npmjs.org/text-decoder set size:undefined disposed:false
1792 silly fetch manifest events-universal@^1.0.0
1793 silly packumentCache full:https://registry.npmjs.org/events-universal cache-miss
1794 http fetch GET 200 https://registry.npmjs.org/events-universal 90ms (cache miss)
1795 silly packumentCache full:https://registry.npmjs.org/events-universal set size:undefined disposed:false
1796 silly placeDep node_modules/vercel events-universal@1.0.1 OK for: streamx@2.28.1 want: ^1.0.0
1797 silly placeDep node_modules/vercel text-decoder@1.2.7 OK for: streamx@2.28.1 want: ^1.1.0
1798 silly fetch manifest bare-events@^2.7.0
1799 silly packumentCache full:https://registry.npmjs.org/bare-events cache-miss
1800 http fetch GET 200 https://registry.npmjs.org/bare-events 72ms (cache miss)
1801 silly packumentCache full:https://registry.npmjs.org/bare-events set size:undefined disposed:false
1802 silly fetch manifest bare-abort-controller@*
1803 silly packumentCache full:https://registry.npmjs.org/bare-abort-controller cache-miss
1804 http fetch GET 200 https://registry.npmjs.org/bare-abort-controller 63ms (cache miss)
1805 silly packumentCache full:https://registry.npmjs.org/bare-abort-controller set size:undefined disposed:false
1806 silly placeDep node_modules/vercel bare-events@2.9.2 OK for: events-universal@1.0.1 want: ^2.7.0
1807 silly placeDep node_modules/vercel convert-hrtime@3.0.0 OK for: time-span@4.0.0 want: ^3.0.0
1808 silly placeDep node_modules/vercel @ts-morph/common@0.11.1 OK for: ts-morph@12.0.0 want: ~0.11.0
1809 silly placeDep node_modules/vercel code-block-writer@10.1.1 OK for: ts-morph@12.0.0 want: ^10.1.1
1810 silly fetch manifest mkdirp@^1.0.4
1811 silly packumentCache full:https://registry.npmjs.org/mkdirp cache-miss
1812 http fetch GET 200 https://registry.npmjs.org/mkdirp 98ms (cache miss)
1813 silly packumentCache full:https://registry.npmjs.org/mkdirp set size:undefined disposed:false
1814 silly fetch manifest fast-glob@^3.2.7
1815 silly packumentCache full:https://registry.npmjs.org/fast-glob cache-miss
1816 http fetch GET 200 https://registry.npmjs.org/fast-glob 63ms (cache miss)
1817 silly packumentCache full:https://registry.npmjs.org/fast-glob set size:undefined disposed:false
1818 silly fetch manifest minimatch@^3.0.4
1819 silly packumentCache full:https://registry.npmjs.org/minimatch cache-hit
1820 silly fetch manifest path-browserify@^1.0.1
1821 silly packumentCache full:https://registry.npmjs.org/path-browserify cache-miss
1822 http fetch GET 200 https://registry.npmjs.org/path-browserify 59ms (cache miss)
1823 silly packumentCache full:https://registry.npmjs.org/path-browserify set size:undefined disposed:false
1824 silly placeDep node_modules/vercel fast-glob@3.3.3 OK for: @ts-morph/common@0.11.1 want: ^3.2.7
1825 silly placeDep node_modules/vercel/node_modules/@ts-morph/common minimatch@3.1.5 OK for: @ts-morph/common@0.11.1 want: ^3.0.4
1826 silly placeDep node_modules/vercel mkdirp@1.0.4 OK for: @ts-morph/common@0.11.1 want: ^1.0.4
1827 silly placeDep node_modules/vercel path-browserify@1.0.1 OK for: @ts-morph/common@0.11.1 want: ^1.0.1
1828 silly fetch manifest @nodelib/fs.stat@^2.0.2
1829 silly packumentCache full:https://registry.npmjs.org/@nodelib%2ffs.stat cache-miss
1830 http fetch GET 200 https://registry.npmjs.org/@nodelib%2ffs.stat 101ms (cache miss)
1831 silly packumentCache full:https://registry.npmjs.org/@nodelib%2ffs.stat set size:undefined disposed:false
1832 silly fetch manifest @nodelib/fs.walk@^1.2.3
1833 silly packumentCache full:https://registry.npmjs.org/@nodelib%2ffs.walk cache-miss
1834 http fetch GET 200 https://registry.npmjs.org/@nodelib%2ffs.walk 71ms (cache miss)
1835 silly packumentCache full:https://registry.npmjs.org/@nodelib%2ffs.walk set size:undefined disposed:false
1836 silly fetch manifest glob-parent@^5.1.2
1837 silly packumentCache full:https://registry.npmjs.org/glob-parent cache-miss
1838 http fetch GET 200 https://registry.npmjs.org/glob-parent 51ms (cache miss)
1839 silly packumentCache full:https://registry.npmjs.org/glob-parent set size:undefined disposed:false
1840 silly fetch manifest merge2@^1.3.0
1841 silly packumentCache full:https://registry.npmjs.org/merge2 cache-miss
1842 http fetch GET 200 https://registry.npmjs.org/merge2 61ms (cache miss)
1843 silly packumentCache full:https://registry.npmjs.org/merge2 set size:undefined disposed:false
1844 silly fetch manifest micromatch@^4.0.8
1845 silly packumentCache full:https://registry.npmjs.org/micromatch cache-miss
1846 http fetch GET 200 https://registry.npmjs.org/micromatch 95ms (cache miss)
1847 silly packumentCache full:https://registry.npmjs.org/micromatch set size:undefined disposed:false
1848 silly fetch manifest brace-expansion@^1.1.7
1849 silly packumentCache full:https://registry.npmjs.org/brace-expansion cache-miss
1850 http cache https://registry.npmjs.org/brace-expansion 10ms (cache hit)
1851 silly packumentCache full:https://registry.npmjs.org/brace-expansion set size:128514 disposed:false
1852 silly placeDep node_modules/vercel @nodelib/fs.stat@2.0.5 OK for: fast-glob@3.3.3 want: ^2.0.2
1853 silly placeDep node_modules/vercel @nodelib/fs.walk@1.2.8 OK for: fast-glob@3.3.3 want: ^1.2.3
1854 silly placeDep node_modules/vercel glob-parent@5.1.2 OK for: fast-glob@3.3.3 want: ^5.1.2
1855 silly placeDep node_modules/vercel merge2@1.4.1 OK for: fast-glob@3.3.3 want: ^1.3.0
1856 silly placeDep node_modules/vercel micromatch@4.0.8 OK for: fast-glob@3.3.3 want: ^4.0.8
1857 silly fetch manifest fastq@^1.6.0
1858 silly packumentCache full:https://registry.npmjs.org/fastq cache-miss
1859 http fetch GET 200 https://registry.npmjs.org/fastq 67ms (cache miss)
1860 silly packumentCache full:https://registry.npmjs.org/fastq set size:undefined disposed:false
1861 silly fetch manifest @nodelib/fs.scandir@2.1.5
1862 silly packumentCache full:https://registry.npmjs.org/@nodelib%2ffs.scandir cache-miss
1863 http fetch GET 200 https://registry.npmjs.org/@nodelib%2ffs.scandir 63ms (cache miss)
1864 silly packumentCache full:https://registry.npmjs.org/@nodelib%2ffs.scandir set size:undefined disposed:false
1865 silly fetch manifest is-glob@^4.0.1
1866 silly packumentCache full:https://registry.npmjs.org/is-glob cache-miss
1867 http fetch GET 200 https://registry.npmjs.org/is-glob 53ms (cache miss)
1868 silly packumentCache full:https://registry.npmjs.org/is-glob set size:undefined disposed:false
1869 silly fetch manifest braces@^3.0.3
1870 silly packumentCache full:https://registry.npmjs.org/braces cache-miss
1871 http fetch GET 200 https://registry.npmjs.org/braces 62ms (cache miss)
1872 silly packumentCache full:https://registry.npmjs.org/braces set size:undefined disposed:false
1873 silly fetch manifest picomatch@^2.3.1
1874 silly packumentCache full:https://registry.npmjs.org/picomatch cache-miss
1875 http cache https://registry.npmjs.org/picomatch 5ms (cache hit)
1876 silly packumentCache full:https://registry.npmjs.org/picomatch set size:134451 disposed:false
1877 silly placeDep node_modules/vercel @nodelib/fs.scandir@2.1.5 OK for: @nodelib/fs.walk@1.2.8 want: 2.1.5
1878 silly placeDep node_modules/vercel fastq@1.20.3 OK for: @nodelib/fs.walk@1.2.8 want: ^1.6.0
1879 silly fetch manifest run-parallel@^1.1.9
1880 silly packumentCache full:https://registry.npmjs.org/run-parallel cache-miss
1881 http fetch GET 200 https://registry.npmjs.org/run-parallel 90ms (cache miss)
1882 silly packumentCache full:https://registry.npmjs.org/run-parallel set size:undefined disposed:false
1883 silly fetch manifest reusify@^1.0.4
1884 silly packumentCache full:https://registry.npmjs.org/reusify cache-miss
1885 http fetch GET 200 https://registry.npmjs.org/reusify 70ms (cache miss)
1886 silly packumentCache full:https://registry.npmjs.org/reusify set size:undefined disposed:false
1887 silly placeDep node_modules/vercel run-parallel@1.2.0 OK for: @nodelib/fs.scandir@2.1.5 want: ^1.1.9
1888 silly fetch manifest queue-microtask@^1.2.2
1889 silly packumentCache full:https://registry.npmjs.org/queue-microtask cache-miss
1890 http fetch GET 200 https://registry.npmjs.org/queue-microtask 63ms (cache miss)
1891 silly packumentCache full:https://registry.npmjs.org/queue-microtask set size:undefined disposed:false
1892 silly placeDep node_modules/vercel reusify@1.1.0 OK for: fastq@1.20.3 want: ^1.0.4
1893 silly placeDep node_modules/vercel is-glob@4.0.3 OK for: glob-parent@5.1.2 want: ^4.0.1
1894 silly fetch manifest is-extglob@^2.1.1
1895 silly packumentCache full:https://registry.npmjs.org/is-extglob cache-miss
1896 http fetch GET 200 https://registry.npmjs.org/is-extglob 52ms (cache miss)
1897 silly packumentCache full:https://registry.npmjs.org/is-extglob set size:undefined disposed:false
1898 silly placeDep node_modules/vercel is-extglob@2.1.1 OK for: is-glob@4.0.3 want: ^2.1.1
1899 silly placeDep node_modules/vercel braces@3.0.3 OK for: micromatch@4.0.8 want: ^3.0.3
1900 silly placeDep node_modules/vercel/node_modules/micromatch picomatch@2.3.2 OK for: micromatch@4.0.8 want: ^2.3.1
1901 silly fetch manifest fill-range@^7.1.1
1902 silly packumentCache full:https://registry.npmjs.org/fill-range cache-miss
1903 http fetch GET 200 https://registry.npmjs.org/fill-range 65ms (cache miss)
1904 silly packumentCache full:https://registry.npmjs.org/fill-range set size:undefined disposed:false
1905 silly placeDep node_modules/vercel fill-range@7.1.1 OK for: braces@3.0.3 want: ^7.1.1
1906 silly fetch manifest to-regex-range@^5.0.1
1907 silly packumentCache full:https://registry.npmjs.org/to-regex-range cache-miss
1908 http fetch GET 200 https://registry.npmjs.org/to-regex-range 95ms (cache miss)
1909 silly packumentCache full:https://registry.npmjs.org/to-regex-range set size:undefined disposed:false
1910 silly placeDep node_modules/vercel to-regex-range@5.0.1 OK for: fill-range@7.1.1 want: ^5.0.1
1911 silly fetch manifest is-number@^7.0.0
1912 silly packumentCache full:https://registry.npmjs.org/is-number cache-miss
1913 http fetch GET 200 https://registry.npmjs.org/is-number 95ms (cache miss)
1914 silly packumentCache full:https://registry.npmjs.org/is-number set size:undefined disposed:false
1915 silly placeDep node_modules/vercel queue-microtask@1.2.3 OK for: run-parallel@1.2.0 want: ^1.2.2
1916 silly placeDep node_modules/vercel is-number@7.0.0 OK for: to-regex-range@5.0.1 want: ^7.0.0
1917 silly placeDep node_modules/vercel fsevents@2.3.3 OK for: tsx@4.21.0 want: ~2.3.3
1918 silly placeDep node_modules/vercel get-tsconfig@4.14.3 OK for: tsx@4.21.0 want: ^4.7.5
1919 silly fetch manifest resolve-pkg-maps@^1.0.0
1920 silly packumentCache full:https://registry.npmjs.org/resolve-pkg-maps cache-miss
1921 http fetch GET 200 https://registry.npmjs.org/resolve-pkg-maps 56ms (cache miss)
1922 silly packumentCache full:https://registry.npmjs.org/resolve-pkg-maps set size:undefined disposed:false
1923 silly placeDep node_modules/vercel resolve-pkg-maps@1.0.0 OK for: get-tsconfig@4.14.3 want: ^1.0.0
1924 silly placeDep node_modules/vercel @fastify/busboy@2.1.1 OK for: undici@5.29.0 want: ^2.0.0
1925 silly placeDep node_modules/vercel punycode@2.3.1 OK for: uri-js@4.4.1 want: ^2.1.0
1926 silly placeDep node_modules/vercel tr46@0.0.3 OK for: whatwg-url@5.0.0 want: ~0.0.3
1927 silly placeDep node_modules/vercel webidl-conversions@3.0.1 OK for: whatwg-url@5.0.0 want: ^3.0.0
1928 silly placeDep node_modules/vercel isexe@2.0.0 OK for: which@2.0.2 want: ^2.0.0
1929 silly placeDep node_modules/vercel os-paths@4.4.0 OK for: xdg-app-paths@5.5.1 want: ^4.0.1
1930 silly placeDep node_modules/vercel xdg-portable@7.3.0 OK for: xdg-app-paths@5.5.1 want: ^7.2.0
1931 silly placeDep node_modules/vercel yauzl@2.10.0 OK for: yauzl-promise@2.1.3 want: ^2.9.1
1932 silly placeDep node_modules/vercel yauzl-clone@1.0.4 OK for: yauzl-promise@2.1.3 want: ^1.0.4
1933 silly fetch manifest fd-slicer@~1.1.0
1934 silly packumentCache full:https://registry.npmjs.org/fd-slicer cache-miss
1935 http fetch GET 200 https://registry.npmjs.org/fd-slicer 55ms (cache miss)
1936 silly packumentCache full:https://registry.npmjs.org/fd-slicer set size:undefined disposed:false
1937 silly fetch manifest buffer-crc32@~0.2.3
1938 silly packumentCache full:https://registry.npmjs.org/buffer-crc32 cache-miss
1939 http fetch GET 200 https://registry.npmjs.org/buffer-crc32 68ms (cache miss)
1940 silly packumentCache full:https://registry.npmjs.org/buffer-crc32 set size:undefined disposed:false
1941 silly fetch manifest events-intercept@^2.0.0
1942 silly packumentCache full:https://registry.npmjs.org/events-intercept cache-miss
1943 http fetch GET 200 https://registry.npmjs.org/events-intercept 941ms (cache miss)
1944 silly packumentCache full:https://registry.npmjs.org/events-intercept set size:undefined disposed:false
1945 silly placeDep node_modules/vercel buffer-crc32@0.2.13 OK for: yauzl@2.10.0 want: ~0.2.3
1946 silly placeDep node_modules/vercel fd-slicer@1.1.0 OK for: yauzl@2.10.0 want: ~1.1.0
1947 silly fetch manifest pend@~1.2.0
1948 silly packumentCache full:https://registry.npmjs.org/pend cache-miss
1949 http fetch GET 200 https://registry.npmjs.org/pend 76ms (cache miss)
1950 silly packumentCache full:https://registry.npmjs.org/pend set size:undefined disposed:false
1951 silly placeDep node_modules/vercel pend@1.2.0 OK for: fd-slicer@1.1.0 want: ~1.2.0
1952 silly placeDep node_modules/vercel events-intercept@2.0.0 OK for: yauzl-clone@1.0.4 want: ^2.0.0
1953 silly placeDep node_modules/vercel brace-expansion@1.1.21 OK for: minimatch@3.1.5 want: ^1.1.7
1954 silly fetch manifest concat-map@0.0.1
1955 silly packumentCache full:https://registry.npmjs.org/concat-map cache-miss
1956 http fetch GET 200 https://registry.npmjs.org/concat-map 57ms (cache miss)
1957 silly packumentCache full:https://registry.npmjs.org/concat-map set size:undefined disposed:false
1958 silly fetch manifest balanced-match@^1.0.0
1959 silly packumentCache full:https://registry.npmjs.org/balanced-match cache-miss
1960 http fetch GET 200 https://registry.npmjs.org/balanced-match 52ms (cache miss)
1961 silly packumentCache full:https://registry.npmjs.org/balanced-match set size:undefined disposed:false
1962 silly placeDep node_modules/vercel balanced-match@1.0.2 OK for: brace-expansion@1.1.21 want: ^1.0.0
1963 silly placeDep node_modules/vercel concat-map@0.0.1 OK for: brace-expansion@1.1.21 want: 0.0.1
1964 silly placeDep node_modules/vercel/node_modules/@vercel/cli-exec get-stream@6.0.1 OK for: execa@5.1.1 want: ^6.0.0
1965 silly placeDep node_modules/vercel/node_modules/@vercel/cli-exec human-signals@2.1.0 OK for: execa@5.1.1 want: ^2.1.0
1966 silly placeDep node_modules/vercel/node_modules/@vercel/cli-exec signal-exit@3.0.7 OK for: execa@5.1.1 want: ^3.0.3
1967 silly placeDep node_modules/vercel/node_modules/@vercel/rust get-stream@6.0.1 OK for: execa@5.1.1 want: ^6.0.0
1968 silly placeDep node_modules/vercel/node_modules/@vercel/rust human-signals@2.1.0 OK for: execa@5.1.1 want: ^2.1.0
1969 silly placeDep node_modules/vercel/node_modules/@vercel/rust signal-exit@3.0.7 OK for: execa@5.1.1 want: ^3.0.3
1970 silly placeDep node_modules/vercel/node_modules/glob brace-expansion@5.0.12 OK for: minimatch@10.2.6 want: ^5.0.8
1971 silly fetch manifest balanced-match@^4.0.2
1972 silly packumentCache full:https://registry.npmjs.org/balanced-match cache-miss
1973 http cache https://registry.npmjs.org/balanced-match 36ms (cache hit)
1974 silly packumentCache full:https://registry.npmjs.org/balanced-match set size:39082 disposed:false
1975 silly placeDep node_modules/vercel/node_modules/glob balanced-match@4.0.4 OK for: brace-expansion@5.0.12 want: ^4.0.2
1976 silly placeDep node_modules/vercel/node_modules/sandbox ms@2.1.3 OK for: debug@4.4.3 want: ^2.1.3
1977 silly placeDep node_modules/vercel/node_modules/semver yallist@4.0.0 OK for: lru-cache@6.0.0 want: ^4.0.0
1978 silly placeDep node_modules/vercel/node_modules/stream-to-promise once@1.3.3 OK for: end-of-stream@1.1.0 want: ~1.3.0
1979 silly reify moves {}
1980 verbose stack Error: EACCES: permission denied, mkdir '/opt/node/lib/node_modules/vercel'
1980 verbose stack     at async mkdir (node:internal/fs/promises:1564:10)
1980 verbose stack     at async /opt/node/lib/node_modules/npm/node_modules/@npmcli/arborist/lib/arborist/reify.js:624:20
1980 verbose stack     at async Promise.allSettled (index 0)
1980 verbose stack     at async #reifyPackages (/opt/node/lib/node_modules/npm/node_modules/@npmcli/arborist/lib/arborist/reify.js:353:11)
1980 verbose stack     at async Arborist.reify (/opt/node/lib/node_modules/npm/node_modules/@npmcli/arborist/lib/arborist/reify.js:139:7)
1980 verbose stack     at async Install.exec (/opt/node/lib/node_modules/npm/lib/commands/install.js:158:5)
1980 verbose stack     at async Npm.exec (/opt/node/lib/node_modules/npm/lib/npm.js:193:9)
1980 verbose stack     at async module.exports (/opt/node/lib/node_modules/npm/lib/cli/entry.js:67:5)
1981 error code EACCES
1982 error syscall mkdir
1983 error path /opt/node/lib/node_modules/vercel
1984 error errno -13
1985 error Error: EACCES: permission denied, mkdir '/opt/node/lib/node_modules/vercel'
1985 error     at async mkdir (node:internal/fs/promises:1564:10)
1985 error     at async /opt/node/lib/node_modules/npm/node_modules/@npmcli/arborist/lib/arborist/reify.js:624:20
1985 error     at async Promise.allSettled (index 0)
1985 error     at async #reifyPackages (/opt/node/lib/node_modules/npm/node_modules/@npmcli/arborist/lib/arborist/reify.js:353:11)
1985 error     at async Arborist.reify (/opt/node/lib/node_modules/npm/node_modules/@npmcli/arborist/lib/arborist/reify.js:139:7)
1985 error     at async Install.exec (/opt/node/lib/node_modules/npm/lib/commands/install.js:158:5)
1985 error     at async Npm.exec (/opt/node/lib/node_modules/npm/lib/npm.js:193:9)
1985 error     at async module.exports (/opt/node/lib/node_modules/npm/lib/cli/entry.js:67:5) {
1985 error   errno: -13,
1985 error   code: 'EACCES',
1985 error   syscall: 'mkdir',
1985 error   path: '/opt/node/lib/node_modules/vercel'
1985 error }
1986 error
1986 error The operation was rejected by your operating system.
1986 error It is likely you do not have the permissions to access this file as the current user
1986 error
1986 error If you believe this might be a permissions issue, please double-check the permissions of the file and its containing directories, or try running the command again as root/Administrator.
1987 silly unfinished npm timer reify 1790069266090
1988 silly unfinished npm timer reify:createSparse 1790069315588
1989 verbose cwd /home/rizky
1990 verbose os Linux 6.8.0-138-generic
1991 verbose node v24.21.0
1992 verbose npm  v11.19.0
1993 notice
1993 notice New major version of npm available! 11.19.0 -> 12.0.2
1993 notice Changelog: https://github.com/npm/cli/releases/tag/v12.0.2
1993 notice To update run: npm install -g npm@12.0.2
1993 notice  { force: true, Symbol(proc-log.meta): true }
1994 verbose exit -13
1995 verbose code -13
1996 error A complete log of this run can be found in: /home/rizky/.npm/_logs/2026-09-22T09_27_45_008Z-debug-0.log
